date,curve,gpu_model,provider,segment,currency,price_formation,tenor_months,rate,ratio,forward_from,forward_rate,span_months,wide_span,violation
2026-09-11,seller,A100_PCIE,azure,hyperscaler,USD,administered_differentiated,0,4.775,1.0,,,,,
2026-09-11,seller,A100_PCIE,azure,hyperscaler,USD,administered_differentiated,12,3.1213,0.6537,0,3.1213,12,1,
2026-09-11,seller,A100_PCIE,azure,hyperscaler,USD,administered_differentiated,36,1.772,0.3711,12,1.0973,24,1,
2026-09-11,seller,A100_SXM,azure,hyperscaler,USD,administered_differentiated,0,5.1203,1.0,,,,,
2026-09-11,seller,A100_SXM,azure,hyperscaler,USD,administered_differentiated,12,3.277,0.64,0,3.277,12,1,
2026-09-11,seller,A100_SXM,azure,hyperscaler,USD,administered_differentiated,36,2.2529,0.44,12,1.7409,24,1,
2026-09-11,seller,H100_PCIE,azure,hyperscaler,USD,administered_differentiated,0,9.074,1.0,,,,,
2026-09-11,seller,H100_PCIE,azure,hyperscaler,USD,administered_differentiated,12,6.8055,0.75,0,6.8055,12,1,
2026-09-11,seller,H100_PCIE,azure,hyperscaler,USD,administered_differentiated,36,4.9907,0.55,12,4.0833,24,1,
2026-09-11,seller,H100_SXM,azure,hyperscaler,USD,administered_differentiated,0,14.3793,1.0,,,,,
2026-09-11,seller,H100_SXM,azure,hyperscaler,USD,administered_differentiated,12,9.2028,0.64,0,9.2028,12,1,
2026-09-11,seller,H100_SXM,azure,hyperscaler,USD,administered_differentiated,36,6.3125,0.439,12,4.8674,24,1,
2026-09-11,seller,H100_SXM,azure,hyperscaler,USD,administered_differentiated,60,5.7517,0.4,36,4.9105,24,1,
2026-09-11,seller,H200_SXM,azure,hyperscaler,USD,administered_differentiated,0,13.78,1.0,,,,,
2026-09-11,seller,H200_SXM,azure,hyperscaler,USD,administered_differentiated,12,7.5597,0.5486,0,7.5597,12,1,
2026-09-11,seller,H200_SXM,azure,hyperscaler,USD,administered_differentiated,36,6.8611,0.4979,12,6.5117,24,1,
2026-09-12,seller,A100_PCIE,azure,hyperscaler,USD,administered_differentiated,0,4.775,1.0,,,,,
2026-09-12,seller,A100_PCIE,azure,hyperscaler,USD,administered_differentiated,12,3.1213,0.6537,0,3.1213,12,1,
2026-09-12,seller,A100_PCIE,azure,hyperscaler,USD,administered_differentiated,36,1.772,0.3711,12,1.0973,24,1,
2026-09-12,seller,A100_SXM,azure,hyperscaler,USD,administered_differentiated,0,5.1203,1.0,,,,,
2026-09-12,seller,A100_SXM,azure,hyperscaler,USD,administered_differentiated,12,3.277,0.64,0,3.277,12,1,
2026-09-12,seller,A100_SXM,azure,hyperscaler,USD,administered_differentiated,36,2.2529,0.44,12,1.7409,24,1,
2026-09-12,seller,H100_PCIE,azure,hyperscaler,USD,administered_differentiated,0,9.074,1.0,,,,,
2026-09-12,seller,H100_PCIE,azure,hyperscaler,USD,administered_differentiated,12,6.8055,0.75,0,6.8055,12,1,
2026-09-12,seller,H100_PCIE,azure,hyperscaler,USD,administered_differentiated,36,4.9907,0.55,12,4.0833,24,1,
2026-09-12,seller,H100_SXM,azure,hyperscaler,USD,administered_differentiated,0,14.3793,1.0,,,,,
2026-09-12,seller,H100_SXM,azure,hyperscaler,USD,administered_differentiated,12,9.2028,0.64,0,9.2028,12,1,
2026-09-12,seller,H100_SXM,azure,hyperscaler,USD,administered_differentiated,36,6.3125,0.439,12,4.8674,24,1,
2026-09-12,seller,H100_SXM,azure,hyperscaler,USD,administered_differentiated,60,5.7517,0.4,36,4.9105,24,1,
2026-09-12,seller,H200_SXM,azure,hyperscaler,USD,administered_differentiated,0,13.78,1.0,,,,,
2026-09-12,seller,H200_SXM,azure,hyperscaler,USD,administered_differentiated,12,7.5597,0.5486,0,7.5597,12,1,
2026-09-12,seller,H200_SXM,azure,hyperscaler,USD,administered_differentiated,36,6.8611,0.4979,12,6.5117,24,1,
2026-09-12,seller,A100_40GB,civo,neocloud,USD,administered_differentiated,0,1.09,1.0,,,,,
2026-09-12,seller,A100_40GB,civo,neocloud,USD,administered_differentiated,6,0.99,0.9083,0,0.99,6,0,
2026-09-12,seller,A100_40GB,civo,neocloud,USD,administered_differentiated,12,0.89,0.8165,6,0.79,6,0,
2026-09-12,seller,A100_40GB,civo,neocloud,USD,administered_differentiated,24,0.79,0.7248,12,0.69,12,1,
2026-09-12,seller,A100_40GB,civo,neocloud,USD,administered_differentiated,36,0.69,0.633,24,0.49,12,1,
2026-09-12,seller,A100_UNSPEC,civo,neocloud,USD,administered_differentiated,0,1.79,1.0,,,,,
2026-09-12,seller,A100_UNSPEC,civo,neocloud,USD,administered_differentiated,6,1.69,0.9441,0,1.69,6,0,
2026-09-12,seller,A100_UNSPEC,civo,neocloud,USD,administered_differentiated,12,1.59,0.8883,6,1.49,6,0,
2026-09-12,seller,A100_UNSPEC,civo,neocloud,USD,administered_differentiated,24,1.49,0.8324,12,1.39,12,1,
2026-09-12,seller,A100_UNSPEC,civo,neocloud,USD,administered_differentiated,36,1.39,0.7765,24,1.19,12,1,
2026-09-12,seller,B300_SXM,civo,neocloud,USD,administered_differentiated,0,7.49,1.0,,,,,
2026-09-12,seller,B300_SXM,civo,neocloud,USD,administered_differentiated,12,6.49,0.8665,0,6.49,12,1,
2026-09-12,seller,B300_SXM,civo,neocloud,USD,administered_differentiated,24,5.99,0.7997,12,5.49,12,1,
2026-09-12,seller,B300_SXM,civo,neocloud,USD,administered_differentiated,36,5.49,0.733,24,4.49,12,1,
2026-09-12,seller,H100_SXM,civo,neocloud,USD,administered_differentiated,0,2.99,1.0,,,,,
2026-09-12,seller,H100_SXM,civo,neocloud,USD,administered_differentiated,6,2.79,0.9331,0,2.79,6,0,
2026-09-12,seller,H100_SXM,civo,neocloud,USD,administered_differentiated,12,2.69,0.8997,6,2.59,6,0,
2026-09-12,seller,H100_SXM,civo,neocloud,USD,administered_differentiated,24,2.59,0.8662,12,2.49,12,1,
2026-09-12,seller,H100_SXM,civo,neocloud,USD,administered_differentiated,36,2.49,0.8328,24,2.29,12,1,
2026-09-12,seller,H200_SXM,civo,neocloud,USD,administered_differentiated,0,3.49,1.0,,,,,
2026-09-12,seller,H200_SXM,civo,neocloud,USD,administered_differentiated,6,3.29,0.9427,0,3.29,6,0,
2026-09-12,seller,H200_SXM,civo,neocloud,USD,administered_differentiated,12,3.19,0.914,6,3.09,6,0,
2026-09-12,seller,H200_SXM,civo,neocloud,USD,administered_differentiated,24,3.09,0.8854,12,2.99,12,1,
2026-09-12,seller,H200_SXM,civo,neocloud,USD,administered_differentiated,36,2.99,0.8567,24,2.79,12,1,
2026-09-12,seller,L40S,civo,neocloud,USD,administered_differentiated,0,1.29,1.0,,,,,
2026-09-12,seller,L40S,civo,neocloud,USD,administered_differentiated,6,1.19,0.9225,0,1.19,6,0,
2026-09-12,seller,L40S,civo,neocloud,USD,administered_differentiated,12,1.09,0.845,6,0.99,6,0,
2026-09-12,seller,L40S,civo,neocloud,USD,administered_differentiated,24,0.99,0.7674,12,0.89,12,1,
2026-09-12,seller,L40S,civo,neocloud,USD,administered_differentiated,36,0.89,0.6899,24,0.69,12,1,
2026-09-12,seller,B300_SXM,latitude,neocloud,USD,administered_uniform,0,16.0,1.0,,,,,
2026-09-12,seller,B300_SXM,latitude,neocloud,USD,administered_uniform,1,8.0,0.5,0,8.0,1,0,
2026-09-12,seller,H100_UNSPEC,latitude,neocloud,USD,administered_uniform,0,3.37,1.0,,,,,
2026-09-12,seller,H100_UNSPEC,latitude,neocloud,USD,administered_uniform,1,1.6849,0.5,0,1.6849,1,0,
2026-09-12,seller,RTX_PRO_6000,latitude,neocloud,USD,administered_uniform,0,6.25,1.0,,,,,
2026-09-12,seller,RTX_PRO_6000,latitude,neocloud,USD,administered_uniform,1,3.125,0.5,0,3.125,1,0,
2026-09-12,seller,A100_UNSPEC,ovhcloud,neocloud,EUR,administered_differentiated,0,2.75,1.0,,,,,
2026-09-12,seller,A100_UNSPEC,ovhcloud,neocloud,EUR,administered_differentiated,1,1.5068,0.5479,0,1.5068,1,0,
2026-09-12,seller,H100_PCIE,ovhcloud,neocloud,EUR,administered_differentiated,0,2.8,1.0,,,,,
2026-09-12,seller,H100_PCIE,ovhcloud,neocloud,EUR,administered_differentiated,1,2.6575,0.9491,0,2.6575,1,0,
2026-09-12,seller,L4,ovhcloud,neocloud,EUR,administered_differentiated,0,0.75,1.0,,,,,
2026-09-12,seller,L4,ovhcloud,neocloud,EUR,administered_differentiated,1,0.7397,0.9863,0,0.7397,1,0,
2026-09-12,seller,L4,ovhcloud,neocloud,USD,administered_differentiated,0,1.0,1.0,,,,,
2026-09-12,seller,L4,ovhcloud,neocloud,USD,administered_differentiated,1,0.9863,0.9863,0,0.9863,1,0,
2026-09-12,seller,L40S,ovhcloud,neocloud,EUR,administered_differentiated,0,1.4,1.0,,,,,
2026-09-12,seller,L40S,ovhcloud,neocloud,EUR,administered_differentiated,1,1.3808,0.9863,0,1.3808,1,0,
2026-09-12,seller,L40S,ovhcloud,neocloud,USD,administered_differentiated,0,1.8,1.0,,,,,
2026-09-12,seller,L40S,ovhcloud,neocloud,USD,administered_differentiated,1,1.7753,0.9863,0,1.7753,1,0,
2026-09-12,seller,V100,ovhcloud,neocloud,EUR,administered_differentiated,0,0.7,1.0,,,,,
2026-09-12,seller,V100,ovhcloud,neocloud,EUR,administered_differentiated,1,0.6904,0.9863,0,0.6904,1,0,
2026-09-12,seller,V100S,ovhcloud,neocloud,EUR,administered_differentiated,0,0.8,1.0,,,,,
2026-09-12,seller,V100S,ovhcloud,neocloud,EUR,administered_differentiated,1,0.789,0.9862,0,0.789,1,0,
2026-09-12,seller,V100S,ovhcloud,neocloud,USD,administered_differentiated,0,0.88,1.0,,,,,
2026-09-12,seller,V100S,ovhcloud,neocloud,USD,administered_differentiated,1,0.8685,0.9869,0,0.8685,1,0,
2026-09-13,seller,A100_PCIE,azure,hyperscaler,USD,administered_differentiated,0,4.775,1.0,,,,,
2026-09-13,seller,A100_PCIE,azure,hyperscaler,USD,administered_differentiated,12,3.1213,0.6537,0,3.1213,12,1,
2026-09-13,seller,A100_PCIE,azure,hyperscaler,USD,administered_differentiated,36,1.772,0.3711,12,1.0973,24,1,
2026-09-13,seller,A100_SXM,azure,hyperscaler,USD,administered_differentiated,0,5.1203,1.0,,,,,
2026-09-13,seller,A100_SXM,azure,hyperscaler,USD,administered_differentiated,12,3.277,0.64,0,3.277,12,1,
2026-09-13,seller,A100_SXM,azure,hyperscaler,USD,administered_differentiated,36,2.2529,0.44,12,1.7409,24,1,
2026-09-13,seller,H100_PCIE,azure,hyperscaler,USD,administered_differentiated,0,9.074,1.0,,,,,
2026-09-13,seller,H100_PCIE,azure,hyperscaler,USD,administered_differentiated,12,6.8055,0.75,0,6.8055,12,1,
2026-09-13,seller,H100_PCIE,azure,hyperscaler,USD,administered_differentiated,36,4.9907,0.55,12,4.0833,24,1,
2026-09-13,seller,H100_SXM,azure,hyperscaler,USD,administered_differentiated,0,14.3793,1.0,,,,,
2026-09-13,seller,H100_SXM,azure,hyperscaler,USD,administered_differentiated,12,9.2028,0.64,0,9.2028,12,1,
2026-09-13,seller,H100_SXM,azure,hyperscaler,USD,administered_differentiated,36,6.3125,0.439,12,4.8674,24,1,
2026-09-13,seller,H100_SXM,azure,hyperscaler,USD,administered_differentiated,60,5.7517,0.4,36,4.9105,24,1,
2026-09-13,seller,H200_SXM,azure,hyperscaler,USD,administered_differentiated,0,13.78,1.0,,,,,
2026-09-13,seller,H200_SXM,azure,hyperscaler,USD,administered_differentiated,12,7.5597,0.5486,0,7.5597,12,1,
2026-09-13,seller,H200_SXM,azure,hyperscaler,USD,administered_differentiated,36,6.8611,0.4979,12,6.5117,24,1,
2026-09-13,seller,A100_40GB,civo,neocloud,USD,administered_differentiated,0,1.09,1.0,,,,,
2026-09-13,seller,A100_40GB,civo,neocloud,USD,administered_differentiated,6,0.99,0.9083,0,0.99,6,0,
2026-09-13,seller,A100_40GB,civo,neocloud,USD,administered_differentiated,12,0.89,0.8165,6,0.79,6,0,
2026-09-13,seller,A100_40GB,civo,neocloud,USD,administered_differentiated,24,0.79,0.7248,12,0.69,12,1,
2026-09-13,seller,A100_40GB,civo,neocloud,USD,administered_differentiated,36,0.69,0.633,24,0.49,12,1,
2026-09-13,seller,A100_UNSPEC,civo,neocloud,USD,administered_differentiated,0,1.79,1.0,,,,,
2026-09-13,seller,A100_UNSPEC,civo,neocloud,USD,administered_differentiated,6,1.69,0.9441,0,1.69,6,0,
2026-09-13,seller,A100_UNSPEC,civo,neocloud,USD,administered_differentiated,12,1.59,0.8883,6,1.49,6,0,
2026-09-13,seller,A100_UNSPEC,civo,neocloud,USD,administered_differentiated,24,1.49,0.8324,12,1.39,12,1,
2026-09-13,seller,A100_UNSPEC,civo,neocloud,USD,administered_differentiated,36,1.39,0.7765,24,1.19,12,1,
2026-09-13,seller,B300_SXM,civo,neocloud,USD,administered_differentiated,0,7.49,1.0,,,,,
2026-09-13,seller,B300_SXM,civo,neocloud,USD,administered_differentiated,12,6.49,0.8665,0,6.49,12,1,
2026-09-13,seller,B300_SXM,civo,neocloud,USD,administered_differentiated,24,5.99,0.7997,12,5.49,12,1,
2026-09-13,seller,B300_SXM,civo,neocloud,USD,administered_differentiated,36,5.49,0.733,24,4.49,12,1,
2026-09-13,seller,H100_SXM,civo,neocloud,USD,administered_differentiated,0,2.99,1.0,,,,,
2026-09-13,seller,H100_SXM,civo,neocloud,USD,administered_differentiated,6,2.79,0.9331,0,2.79,6,0,
2026-09-13,seller,H100_SXM,civo,neocloud,USD,administered_differentiated,12,2.69,0.8997,6,2.59,6,0,
2026-09-13,seller,H100_SXM,civo,neocloud,USD,administered_differentiated,24,2.59,0.8662,12,2.49,12,1,
2026-09-13,seller,H100_SXM,civo,neocloud,USD,administered_differentiated,36,2.49,0.8328,24,2.29,12,1,
2026-09-13,seller,H200_SXM,civo,neocloud,USD,administered_differentiated,0,3.49,1.0,,,,,
2026-09-13,seller,H200_SXM,civo,neocloud,USD,administered_differentiated,6,3.29,0.9427,0,3.29,6,0,
2026-09-13,seller,H200_SXM,civo,neocloud,USD,administered_differentiated,12,3.19,0.914,6,3.09,6,0,
2026-09-13,seller,H200_SXM,civo,neocloud,USD,administered_differentiated,24,3.09,0.8854,12,2.99,12,1,
2026-09-13,seller,H200_SXM,civo,neocloud,USD,administered_differentiated,36,2.99,0.8567,24,2.79,12,1,
2026-09-13,seller,L40S,civo,neocloud,USD,administered_differentiated,0,1.29,1.0,,,,,
2026-09-13,seller,L40S,civo,neocloud,USD,administered_differentiated,6,1.19,0.9225,0,1.19,6,0,
2026-09-13,seller,L40S,civo,neocloud,USD,administered_differentiated,12,1.09,0.845,6,0.99,6,0,
2026-09-13,seller,L40S,civo,neocloud,USD,administered_differentiated,24,0.99,0.7674,12,0.89,12,1,
2026-09-13,seller,L40S,civo,neocloud,USD,administered_differentiated,36,0.89,0.6899,24,0.69,12,1,
2026-09-13,seller,B300_SXM,latitude,neocloud,USD,administered_uniform,0,16.0,1.0,,,,,
2026-09-13,seller,B300_SXM,latitude,neocloud,USD,administered_uniform,1,8.0,0.5,0,8.0,1,0,
2026-09-13,seller,B300_SXM,latitude,neocloud,USD,administered_uniform,12,5.6,0.35,1,5.3818,11,1,
2026-09-13,seller,H100_UNSPEC,latitude,neocloud,USD,administered_uniform,0,3.37,1.0,,,,,
2026-09-13,seller,H100_UNSPEC,latitude,neocloud,USD,administered_uniform,1,1.6849,0.5,0,1.6849,1,0,
2026-09-13,seller,H100_UNSPEC,latitude,neocloud,USD,administered_uniform,12,1.1795,0.35,1,1.1336,11,1,
2026-09-13,seller,RTX_PRO_6000,latitude,neocloud,USD,administered_uniform,0,6.25,1.0,,,,,
2026-09-13,seller,RTX_PRO_6000,latitude,neocloud,USD,administered_uniform,1,3.125,0.5,0,3.125,1,0,
2026-09-13,seller,RTX_PRO_6000,latitude,neocloud,USD,administered_uniform,12,2.1875,0.35,1,2.1023,11,1,
2026-09-13,seller,A100_UNSPEC,ovhcloud,neocloud,EUR,administered_differentiated,0,2.75,1.0,,,,,
2026-09-13,seller,A100_UNSPEC,ovhcloud,neocloud,EUR,administered_differentiated,1,1.5068,0.5479,0,1.5068,1,0,
2026-09-13,seller,H100_PCIE,ovhcloud,neocloud,EUR,administered_differentiated,0,2.8,1.0,,,,,
2026-09-13,seller,H100_PCIE,ovhcloud,neocloud,EUR,administered_differentiated,1,2.6575,0.9491,0,2.6575,1,0,
2026-09-13,seller,L4,ovhcloud,neocloud,EUR,administered_differentiated,0,0.75,1.0,,,,,
2026-09-13,seller,L4,ovhcloud,neocloud,EUR,administered_differentiated,1,0.7397,0.9863,0,0.7397,1,0,
2026-09-13,seller,L4,ovhcloud,neocloud,USD,administered_differentiated,0,1.0,1.0,,,,,
2026-09-13,seller,L4,ovhcloud,neocloud,USD,administered_differentiated,1,0.9863,0.9863,0,0.9863,1,0,
2026-09-13,seller,L40S,ovhcloud,neocloud,EUR,administered_differentiated,0,1.4,1.0,,,,,
2026-09-13,seller,L40S,ovhcloud,neocloud,EUR,administered_differentiated,1,1.3808,0.9863,0,1.3808,1,0,
2026-09-13,seller,L40S,ovhcloud,neocloud,USD,administered_differentiated,0,1.8,1.0,,,,,
2026-09-13,seller,L40S,ovhcloud,neocloud,USD,administered_differentiated,1,1.7753,0.9863,0,1.7753,1,0,
2026-09-13,seller,V100,ovhcloud,neocloud,EUR,administered_differentiated,0,0.7,1.0,,,,,
2026-09-13,seller,V100,ovhcloud,neocloud,EUR,administered_differentiated,1,0.6904,0.9863,0,0.6904,1,0,
2026-09-13,seller,V100S,ovhcloud,neocloud,EUR,administered_differentiated,0,0.8,1.0,,,,,
2026-09-13,seller,V100S,ovhcloud,neocloud,EUR,administered_differentiated,1,0.789,0.9862,0,0.789,1,0,
2026-09-13,seller,V100S,ovhcloud,neocloud,USD,administered_differentiated,0,0.88,1.0,,,,,
2026-09-13,seller,V100S,ovhcloud,neocloud,USD,administered_differentiated,1,0.8685,0.9869,0,0.8685,1,0,
2026-09-14,seller,A100_PCIE,azure,hyperscaler,USD,administered_differentiated,0,4.775,1.0,,,,,
2026-09-14,seller,A100_PCIE,azure,hyperscaler,USD,administered_differentiated,12,3.1213,0.6537,0,3.1213,12,1,
2026-09-14,seller,A100_PCIE,azure,hyperscaler,USD,administered_differentiated,36,1.772,0.3711,12,1.0973,24,1,
2026-09-14,seller,A100_SXM,azure,hyperscaler,USD,administered_differentiated,0,5.1203,1.0,,,,,
2026-09-14,seller,A100_SXM,azure,hyperscaler,USD,administered_differentiated,12,3.277,0.64,0,3.277,12,1,
2026-09-14,seller,A100_SXM,azure,hyperscaler,USD,administered_differentiated,36,2.2529,0.44,12,1.7409,24,1,
2026-09-14,seller,H100_PCIE,azure,hyperscaler,USD,administered_differentiated,0,9.074,1.0,,,,,
2026-09-14,seller,H100_PCIE,azure,hyperscaler,USD,administered_differentiated,12,6.8055,0.75,0,6.8055,12,1,
2026-09-14,seller,H100_PCIE,azure,hyperscaler,USD,administered_differentiated,36,4.9907,0.55,12,4.0833,24,1,
2026-09-14,seller,H100_SXM,azure,hyperscaler,USD,administered_differentiated,0,14.3793,1.0,,,,,
2026-09-14,seller,H100_SXM,azure,hyperscaler,USD,administered_differentiated,12,9.2028,0.64,0,9.2028,12,1,
2026-09-14,seller,H100_SXM,azure,hyperscaler,USD,administered_differentiated,36,6.3125,0.439,12,4.8674,24,1,
2026-09-14,seller,H100_SXM,azure,hyperscaler,USD,administered_differentiated,60,5.7517,0.4,36,4.9105,24,1,
2026-09-14,seller,H200_SXM,azure,hyperscaler,USD,administered_differentiated,0,13.78,1.0,,,,,
2026-09-14,seller,H200_SXM,azure,hyperscaler,USD,administered_differentiated,12,7.5597,0.5486,0,7.5597,12,1,
2026-09-14,seller,H200_SXM,azure,hyperscaler,USD,administered_differentiated,36,6.8611,0.4979,12,6.5117,24,1,
2026-09-14,seller,A100_40GB,civo,neocloud,USD,administered_differentiated,0,1.09,1.0,,,,,
2026-09-14,seller,A100_40GB,civo,neocloud,USD,administered_differentiated,6,0.99,0.9083,0,0.99,6,0,
2026-09-14,seller,A100_40GB,civo,neocloud,USD,administered_differentiated,12,0.89,0.8165,6,0.79,6,0,
2026-09-14,seller,A100_40GB,civo,neocloud,USD,administered_differentiated,24,0.79,0.7248,12,0.69,12,1,
2026-09-14,seller,A100_40GB,civo,neocloud,USD,administered_differentiated,36,0.69,0.633,24,0.49,12,1,
2026-09-14,seller,A100_UNSPEC,civo,neocloud,USD,administered_differentiated,0,1.79,1.0,,,,,
2026-09-14,seller,A100_UNSPEC,civo,neocloud,USD,administered_differentiated,6,1.69,0.9441,0,1.69,6,0,
2026-09-14,seller,A100_UNSPEC,civo,neocloud,USD,administered_differentiated,12,1.59,0.8883,6,1.49,6,0,
2026-09-14,seller,A100_UNSPEC,civo,neocloud,USD,administered_differentiated,24,1.49,0.8324,12,1.39,12,1,
2026-09-14,seller,A100_UNSPEC,civo,neocloud,USD,administered_differentiated,36,1.39,0.7765,24,1.19,12,1,
2026-09-14,seller,B300_SXM,civo,neocloud,USD,administered_differentiated,0,7.49,1.0,,,,,
2026-09-14,seller,B300_SXM,civo,neocloud,USD,administered_differentiated,12,6.49,0.8665,0,6.49,12,1,
2026-09-14,seller,B300_SXM,civo,neocloud,USD,administered_differentiated,24,5.99,0.7997,12,5.49,12,1,
2026-09-14,seller,B300_SXM,civo,neocloud,USD,administered_differentiated,36,5.49,0.733,24,4.49,12,1,
2026-09-14,seller,H100_SXM,civo,neocloud,USD,administered_differentiated,0,2.99,1.0,,,,,
2026-09-14,seller,H100_SXM,civo,neocloud,USD,administered_differentiated,6,2.79,0.9331,0,2.79,6,0,
2026-09-14,seller,H100_SXM,civo,neocloud,USD,administered_differentiated,12,2.69,0.8997,6,2.59,6,0,
2026-09-14,seller,H100_SXM,civo,neocloud,USD,administered_differentiated,24,2.59,0.8662,12,2.49,12,1,
2026-09-14,seller,H100_SXM,civo,neocloud,USD,administered_differentiated,36,2.49,0.8328,24,2.29,12,1,
2026-09-14,seller,H200_SXM,civo,neocloud,USD,administered_differentiated,0,3.49,1.0,,,,,
2026-09-14,seller,H200_SXM,civo,neocloud,USD,administered_differentiated,6,3.29,0.9427,0,3.29,6,0,
2026-09-14,seller,H200_SXM,civo,neocloud,USD,administered_differentiated,12,3.19,0.914,6,3.09,6,0,
2026-09-14,seller,H200_SXM,civo,neocloud,USD,administered_differentiated,24,3.09,0.8854,12,2.99,12,1,
2026-09-14,seller,H200_SXM,civo,neocloud,USD,administered_differentiated,36,2.99,0.8567,24,2.79,12,1,
2026-09-14,seller,L40S,civo,neocloud,USD,administered_differentiated,0,1.29,1.0,,,,,
2026-09-14,seller,L40S,civo,neocloud,USD,administered_differentiated,6,1.19,0.9225,0,1.19,6,0,
2026-09-14,seller,L40S,civo,neocloud,USD,administered_differentiated,12,1.09,0.845,6,0.99,6,0,
2026-09-14,seller,L40S,civo,neocloud,USD,administered_differentiated,24,0.99,0.7674,12,0.89,12,1,
2026-09-14,seller,L40S,civo,neocloud,USD,administered_differentiated,36,0.89,0.6899,24,0.69,12,1,
2026-09-14,seller,B300_SXM,latitude,neocloud,USD,administered_uniform,0,16.0,1.0,,,,,
2026-09-14,seller,B300_SXM,latitude,neocloud,USD,administered_uniform,1,8.0,0.5,0,8.0,1,0,
2026-09-14,seller,B300_SXM,latitude,neocloud,USD,administered_uniform,12,5.6,0.35,1,5.3818,11,1,
2026-09-14,seller,H100_UNSPEC,latitude,neocloud,USD,administered_uniform,0,3.37,1.0,,,,,
2026-09-14,seller,H100_UNSPEC,latitude,neocloud,USD,administered_uniform,1,1.6849,0.5,0,1.6849,1,0,
2026-09-14,seller,H100_UNSPEC,latitude,neocloud,USD,administered_uniform,12,1.1795,0.35,1,1.1336,11,1,
2026-09-14,seller,RTX_PRO_6000,latitude,neocloud,USD,administered_uniform,0,6.25,1.0,,,,,
2026-09-14,seller,RTX_PRO_6000,latitude,neocloud,USD,administered_uniform,1,3.125,0.5,0,3.125,1,0,
2026-09-14,seller,RTX_PRO_6000,latitude,neocloud,USD,administered_uniform,12,2.1875,0.35,1,2.1023,11,1,
2026-09-14,seller,A100_UNSPEC,ovhcloud,neocloud,EUR,administered_differentiated,0,2.75,1.0,,,,,
2026-09-14,seller,A100_UNSPEC,ovhcloud,neocloud,EUR,administered_differentiated,1,1.5068,0.5479,0,1.5068,1,0,
2026-09-14,seller,H100_PCIE,ovhcloud,neocloud,EUR,administered_differentiated,0,2.8,1.0,,,,,
2026-09-14,seller,H100_PCIE,ovhcloud,neocloud,EUR,administered_differentiated,1,2.6575,0.9491,0,2.6575,1,0,
2026-09-14,seller,L4,ovhcloud,neocloud,EUR,administered_differentiated,0,0.75,1.0,,,,,
2026-09-14,seller,L4,ovhcloud,neocloud,EUR,administered_differentiated,1,0.7397,0.9863,0,0.7397,1,0,
2026-09-14,seller,L4,ovhcloud,neocloud,USD,administered_differentiated,0,1.0,1.0,,,,,
2026-09-14,seller,L4,ovhcloud,neocloud,USD,administered_differentiated,1,0.9863,0.9863,0,0.9863,1,0,
2026-09-14,seller,L40S,ovhcloud,neocloud,EUR,administered_differentiated,0,1.4,1.0,,,,,
2026-09-14,seller,L40S,ovhcloud,neocloud,EUR,administered_differentiated,1,1.3808,0.9863,0,1.3808,1,0,
2026-09-14,seller,L40S,ovhcloud,neocloud,USD,administered_differentiated,0,1.8,1.0,,,,,
2026-09-14,seller,L40S,ovhcloud,neocloud,USD,administered_differentiated,1,1.7753,0.9863,0,1.7753,1,0,
2026-09-14,seller,V100,ovhcloud,neocloud,EUR,administered_differentiated,0,0.7,1.0,,,,,
2026-09-14,seller,V100,ovhcloud,neocloud,EUR,administered_differentiated,1,0.6904,0.9863,0,0.6904,1,0,
2026-09-14,seller,V100S,ovhcloud,neocloud,EUR,administered_differentiated,0,0.8,1.0,,,,,
2026-09-14,seller,V100S,ovhcloud,neocloud,EUR,administered_differentiated,1,0.789,0.9862,0,0.789,1,0,
2026-09-14,seller,V100S,ovhcloud,neocloud,USD,administered_differentiated,0,0.88,1.0,,,,,
2026-09-14,seller,V100S,ovhcloud,neocloud,USD,administered_differentiated,1,0.8685,0.9869,0,0.8685,1,0,
2026-09-15,seller,A100_PCIE,azure,hyperscaler,USD,administered_differentiated,0,4.775,1.0,,,,,
2026-09-15,seller,A100_PCIE,azure,hyperscaler,USD,administered_differentiated,12,3.1213,0.6537,0,3.1213,12,1,
2026-09-15,seller,A100_PCIE,azure,hyperscaler,USD,administered_differentiated,36,1.772,0.3711,12,1.0973,24,1,
2026-09-15,seller,A100_SXM,azure,hyperscaler,USD,administered_differentiated,0,5.1203,1.0,,,,,
2026-09-15,seller,A100_SXM,azure,hyperscaler,USD,administered_differentiated,12,3.277,0.64,0,3.277,12,1,
2026-09-15,seller,A100_SXM,azure,hyperscaler,USD,administered_differentiated,36,2.2529,0.44,12,1.7409,24,1,
2026-09-15,seller,H100_PCIE,azure,hyperscaler,USD,administered_differentiated,0,9.074,1.0,,,,,
2026-09-15,seller,H100_PCIE,azure,hyperscaler,USD,administered_differentiated,12,6.8055,0.75,0,6.8055,12,1,
2026-09-15,seller,H100_PCIE,azure,hyperscaler,USD,administered_differentiated,36,4.9907,0.55,12,4.0833,24,1,
2026-09-15,seller,H100_SXM,azure,hyperscaler,USD,administered_differentiated,0,14.3793,1.0,,,,,
2026-09-15,seller,H100_SXM,azure,hyperscaler,USD,administered_differentiated,12,9.2028,0.64,0,9.2028,12,1,
2026-09-15,seller,H100_SXM,azure,hyperscaler,USD,administered_differentiated,36,6.3125,0.439,12,4.8674,24,1,
2026-09-15,seller,H100_SXM,azure,hyperscaler,USD,administered_differentiated,60,5.7517,0.4,36,4.9105,24,1,
2026-09-15,seller,H200_SXM,azure,hyperscaler,USD,administered_differentiated,0,13.78,1.0,,,,,
2026-09-15,seller,H200_SXM,azure,hyperscaler,USD,administered_differentiated,12,7.5597,0.5486,0,7.5597,12,1,
2026-09-15,seller,H200_SXM,azure,hyperscaler,USD,administered_differentiated,36,6.8611,0.4979,12,6.5117,24,1,
2026-09-15,seller,A100_40GB,civo,neocloud,USD,administered_differentiated,0,1.09,1.0,,,,,
2026-09-15,seller,A100_40GB,civo,neocloud,USD,administered_differentiated,6,0.99,0.9083,0,0.99,6,0,
2026-09-15,seller,A100_40GB,civo,neocloud,USD,administered_differentiated,12,0.89,0.8165,6,0.79,6,0,
2026-09-15,seller,A100_40GB,civo,neocloud,USD,administered_differentiated,24,0.79,0.7248,12,0.69,12,1,
2026-09-15,seller,A100_40GB,civo,neocloud,USD,administered_differentiated,36,0.69,0.633,24,0.49,12,1,
2026-09-15,seller,A100_UNSPEC,civo,neocloud,USD,administered_differentiated,0,1.79,1.0,,,,,
2026-09-15,seller,A100_UNSPEC,civo,neocloud,USD,administered_differentiated,6,1.69,0.9441,0,1.69,6,0,
2026-09-15,seller,A100_UNSPEC,civo,neocloud,USD,administered_differentiated,12,1.59,0.8883,6,1.49,6,0,
2026-09-15,seller,A100_UNSPEC,civo,neocloud,USD,administered_differentiated,24,1.49,0.8324,12,1.39,12,1,
2026-09-15,seller,A100_UNSPEC,civo,neocloud,USD,administered_differentiated,36,1.39,0.7765,24,1.19,12,1,
2026-09-15,seller,B300_SXM,civo,neocloud,USD,administered_differentiated,0,7.49,1.0,,,,,
2026-09-15,seller,B300_SXM,civo,neocloud,USD,administered_differentiated,12,6.49,0.8665,0,6.49,12,1,
2026-09-15,seller,B300_SXM,civo,neocloud,USD,administered_differentiated,24,5.99,0.7997,12,5.49,12,1,
2026-09-15,seller,B300_SXM,civo,neocloud,USD,administered_differentiated,36,5.49,0.733,24,4.49,12,1,
2026-09-15,seller,H100_SXM,civo,neocloud,USD,administered_differentiated,0,2.99,1.0,,,,,
2026-09-15,seller,H100_SXM,civo,neocloud,USD,administered_differentiated,6,2.79,0.9331,0,2.79,6,0,
2026-09-15,seller,H100_SXM,civo,neocloud,USD,administered_differentiated,12,2.69,0.8997,6,2.59,6,0,
2026-09-15,seller,H100_SXM,civo,neocloud,USD,administered_differentiated,24,2.59,0.8662,12,2.49,12,1,
2026-09-15,seller,H100_SXM,civo,neocloud,USD,administered_differentiated,36,2.49,0.8328,24,2.29,12,1,
2026-09-15,seller,H200_SXM,civo,neocloud,USD,administered_differentiated,0,3.49,1.0,,,,,
2026-09-15,seller,H200_SXM,civo,neocloud,USD,administered_differentiated,6,3.29,0.9427,0,3.29,6,0,
2026-09-15,seller,H200_SXM,civo,neocloud,USD,administered_differentiated,12,3.19,0.914,6,3.09,6,0,
2026-09-15,seller,H200_SXM,civo,neocloud,USD,administered_differentiated,24,3.09,0.8854,12,2.99,12,1,
2026-09-15,seller,H200_SXM,civo,neocloud,USD,administered_differentiated,36,2.99,0.8567,24,2.79,12,1,
2026-09-15,seller,L40S,civo,neocloud,USD,administered_differentiated,0,1.29,1.0,,,,,
2026-09-15,seller,L40S,civo,neocloud,USD,administered_differentiated,6,1.19,0.9225,0,1.19,6,0,
2026-09-15,seller,L40S,civo,neocloud,USD,administered_differentiated,12,1.09,0.845,6,0.99,6,0,
2026-09-15,seller,L40S,civo,neocloud,USD,administered_differentiated,24,0.99,0.7674,12,0.89,12,1,
2026-09-15,seller,L40S,civo,neocloud,USD,administered_differentiated,36,0.89,0.6899,24,0.69,12,1,
2026-09-15,seller,B300_SXM,latitude,neocloud,USD,administered_uniform,0,16.0,1.0,,,,,
2026-09-15,seller,B300_SXM,latitude,neocloud,USD,administered_uniform,1,8.0,0.5,0,8.0,1,0,
2026-09-15,seller,B300_SXM,latitude,neocloud,USD,administered_uniform,12,5.6,0.35,1,5.3818,11,1,
2026-09-15,seller,H100_UNSPEC,latitude,neocloud,USD,administered_uniform,0,3.37,1.0,,,,,
2026-09-15,seller,H100_UNSPEC,latitude,neocloud,USD,administered_uniform,1,1.6849,0.5,0,1.6849,1,0,
2026-09-15,seller,H100_UNSPEC,latitude,neocloud,USD,administered_uniform,12,1.1795,0.35,1,1.1336,11,1,
2026-09-15,seller,RTX_PRO_6000,latitude,neocloud,USD,administered_uniform,0,6.25,1.0,,,,,
2026-09-15,seller,RTX_PRO_6000,latitude,neocloud,USD,administered_uniform,1,3.125,0.5,0,3.125,1,0,
2026-09-15,seller,RTX_PRO_6000,latitude,neocloud,USD,administered_uniform,12,2.1875,0.35,1,2.1023,11,1,
2026-09-15,seller,A100_UNSPEC,ovhcloud,neocloud,EUR,administered_differentiated,0,2.75,1.0,,,,,
2026-09-15,seller,A100_UNSPEC,ovhcloud,neocloud,EUR,administered_differentiated,1,1.5068,0.5479,0,1.5068,1,0,
2026-09-15,seller,H100_PCIE,ovhcloud,neocloud,EUR,administered_differentiated,0,2.8,1.0,,,,,
2026-09-15,seller,H100_PCIE,ovhcloud,neocloud,EUR,administered_differentiated,1,2.6575,0.9491,0,2.6575,1,0,
2026-09-15,seller,L4,ovhcloud,neocloud,EUR,administered_differentiated,0,0.75,1.0,,,,,
2026-09-15,seller,L4,ovhcloud,neocloud,EUR,administered_differentiated,1,0.7397,0.9863,0,0.7397,1,0,
2026-09-15,seller,L4,ovhcloud,neocloud,USD,administered_differentiated,0,1.0,1.0,,,,,
2026-09-15,seller,L4,ovhcloud,neocloud,USD,administered_differentiated,1,0.9863,0.9863,0,0.9863,1,0,
2026-09-15,seller,L40S,ovhcloud,neocloud,EUR,administered_differentiated,0,1.4,1.0,,,,,
2026-09-15,seller,L40S,ovhcloud,neocloud,EUR,administered_differentiated,1,1.3808,0.9863,0,1.3808,1,0,
2026-09-15,seller,L40S,ovhcloud,neocloud,USD,administered_differentiated,0,1.8,1.0,,,,,
2026-09-15,seller,L40S,ovhcloud,neocloud,USD,administered_differentiated,1,1.7753,0.9863,0,1.7753,1,0,
2026-09-15,seller,V100,ovhcloud,neocloud,EUR,administered_differentiated,0,0.7,1.0,,,,,
2026-09-15,seller,V100,ovhcloud,neocloud,EUR,administered_differentiated,1,0.6904,0.9863,0,0.6904,1,0,
2026-09-15,seller,V100S,ovhcloud,neocloud,EUR,administered_differentiated,0,0.8,1.0,,,,,
2026-09-15,seller,V100S,ovhcloud,neocloud,EUR,administered_differentiated,1,0.789,0.9862,0,0.789,1,0,
2026-09-15,seller,V100S,ovhcloud,neocloud,USD,administered_differentiated,0,0.88,1.0,,,,,
2026-09-15,seller,V100S,ovhcloud,neocloud,USD,administered_differentiated,1,0.8685,0.9869,0,0.8685,1,0,
2026-09-15,seller,H100_SXM,seeweb,neocloud,EUR,administered_untested,0,1.89,1.0,,,,,
2026-09-15,seller,H100_SXM,seeweb,neocloud,EUR,administered_untested,3,1.8,0.9524,0,1.8,3,0,
2026-09-15,seller,H100_SXM,seeweb,neocloud,EUR,administered_untested,6,1.7,0.8995,3,1.6,3,0,
2026-09-15,seller,H100_SXM,seeweb,neocloud,EUR,administered_untested,12,1.61,0.8519,6,1.52,6,0,
2026-09-17,seller,A100_PCIE,azure,hyperscaler,USD,administered_differentiated,0,4.775,1.0,,,,,
2026-09-17,seller,A100_PCIE,azure,hyperscaler,USD,administered_differentiated,12,3.1213,0.6537,0,3.1213,12,1,
2026-09-17,seller,A100_PCIE,azure,hyperscaler,USD,administered_differentiated,36,1.772,0.3711,12,1.0973,24,1,
2026-09-17,seller,A100_SXM,azure,hyperscaler,USD,administered_differentiated,0,5.1203,1.0,,,,,
2026-09-17,seller,A100_SXM,azure,hyperscaler,USD,administered_differentiated,12,3.277,0.64,0,3.277,12,1,
2026-09-17,seller,A100_SXM,azure,hyperscaler,USD,administered_differentiated,36,2.2529,0.44,12,1.7409,24,1,
2026-09-17,seller,H100_PCIE,azure,hyperscaler,USD,administered_differentiated,0,9.074,1.0,,,,,
2026-09-17,seller,H100_PCIE,azure,hyperscaler,USD,administered_differentiated,12,6.8055,0.75,0,6.8055,12,1,
2026-09-17,seller,H100_PCIE,azure,hyperscaler,USD,administered_differentiated,36,4.9907,0.55,12,4.0833,24,1,
2026-09-17,seller,H100_SXM,azure,hyperscaler,USD,administered_differentiated,0,14.3793,1.0,,,,,
2026-09-17,seller,H100_SXM,azure,hyperscaler,USD,administered_differentiated,12,9.2028,0.64,0,9.2028,12,1,
2026-09-17,seller,H100_SXM,azure,hyperscaler,USD,administered_differentiated,36,6.3125,0.439,12,4.8674,24,1,
2026-09-17,seller,H100_SXM,azure,hyperscaler,USD,administered_differentiated,60,5.7517,0.4,36,4.9105,24,1,
2026-09-17,seller,H200_SXM,azure,hyperscaler,USD,administered_differentiated,0,13.78,1.0,,,,,
2026-09-17,seller,H200_SXM,azure,hyperscaler,USD,administered_differentiated,12,7.5597,0.5486,0,7.5597,12,1,
2026-09-17,seller,H200_SXM,azure,hyperscaler,USD,administered_differentiated,36,6.8611,0.4979,12,6.5117,24,1,
2026-09-17,seller,A100_40GB,civo,neocloud,USD,administered_differentiated,0,1.09,1.0,,,,,
2026-09-17,seller,A100_40GB,civo,neocloud,USD,administered_differentiated,6,0.99,0.9083,0,0.99,6,0,
2026-09-17,seller,A100_40GB,civo,neocloud,USD,administered_differentiated,12,0.89,0.8165,6,0.79,6,0,
2026-09-17,seller,A100_40GB,civo,neocloud,USD,administered_differentiated,24,0.79,0.7248,12,0.69,12,1,
2026-09-17,seller,A100_40GB,civo,neocloud,USD,administered_differentiated,36,0.69,0.633,24,0.49,12,1,
2026-09-17,seller,A100_UNSPEC,civo,neocloud,USD,administered_differentiated,0,1.79,1.0,,,,,
2026-09-17,seller,A100_UNSPEC,civo,neocloud,USD,administered_differentiated,6,1.69,0.9441,0,1.69,6,0,
2026-09-17,seller,A100_UNSPEC,civo,neocloud,USD,administered_differentiated,12,1.59,0.8883,6,1.49,6,0,
2026-09-17,seller,A100_UNSPEC,civo,neocloud,USD,administered_differentiated,24,1.49,0.8324,12,1.39,12,1,
2026-09-17,seller,A100_UNSPEC,civo,neocloud,USD,administered_differentiated,36,1.39,0.7765,24,1.19,12,1,
2026-09-17,seller,B300_SXM,civo,neocloud,USD,administered_differentiated,0,7.49,1.0,,,,,
2026-09-17,seller,B300_SXM,civo,neocloud,USD,administered_differentiated,12,6.49,0.8665,0,6.49,12,1,
2026-09-17,seller,B300_SXM,civo,neocloud,USD,administered_differentiated,24,5.99,0.7997,12,5.49,12,1,
2026-09-17,seller,B300_SXM,civo,neocloud,USD,administered_differentiated,36,5.49,0.733,24,4.49,12,1,
2026-09-17,seller,H100_SXM,civo,neocloud,USD,administered_differentiated,0,2.99,1.0,,,,,
2026-09-17,seller,H100_SXM,civo,neocloud,USD,administered_differentiated,6,2.79,0.9331,0,2.79,6,0,
2026-09-17,seller,H100_SXM,civo,neocloud,USD,administered_differentiated,12,2.69,0.8997,6,2.59,6,0,
2026-09-17,seller,H100_SXM,civo,neocloud,USD,administered_differentiated,24,2.59,0.8662,12,2.49,12,1,
2026-09-17,seller,H100_SXM,civo,neocloud,USD,administered_differentiated,36,2.49,0.8328,24,2.29,12,1,
2026-09-17,seller,H200_SXM,civo,neocloud,USD,administered_differentiated,0,3.49,1.0,,,,,
2026-09-17,seller,H200_SXM,civo,neocloud,USD,administered_differentiated,6,3.29,0.9427,0,3.29,6,0,
2026-09-17,seller,H200_SXM,civo,neocloud,USD,administered_differentiated,12,3.19,0.914,6,3.09,6,0,
2026-09-17,seller,H200_SXM,civo,neocloud,USD,administered_differentiated,24,3.09,0.8854,12,2.99,12,1,
2026-09-17,seller,H200_SXM,civo,neocloud,USD,administered_differentiated,36,2.99,0.8567,24,2.79,12,1,
2026-09-17,seller,L40S,civo,neocloud,USD,administered_differentiated,0,1.29,1.0,,,,,
2026-09-17,seller,L40S,civo,neocloud,USD,administered_differentiated,6,1.19,0.9225,0,1.19,6,0,
2026-09-17,seller,L40S,civo,neocloud,USD,administered_differentiated,12,1.09,0.845,6,0.99,6,0,
2026-09-17,seller,L40S,civo,neocloud,USD,administered_differentiated,24,0.99,0.7674,12,0.89,12,1,
2026-09-17,seller,L40S,civo,neocloud,USD,administered_differentiated,36,0.89,0.6899,24,0.69,12,1,
2026-09-17,seller,B300_SXM,latitude,neocloud,USD,administered_uniform,0,16.0,1.0,,,,,
2026-09-17,seller,B300_SXM,latitude,neocloud,USD,administered_uniform,1,8.0,0.5,0,8.0,1,0,
2026-09-17,seller,B300_SXM,latitude,neocloud,USD,administered_uniform,12,5.6,0.35,1,5.3818,11,1,
2026-09-17,seller,H100_UNSPEC,latitude,neocloud,USD,administered_uniform,0,3.37,1.0,,,,,
2026-09-17,seller,H100_UNSPEC,latitude,neocloud,USD,administered_uniform,1,1.6849,0.5,0,1.6849,1,0,
2026-09-17,seller,H100_UNSPEC,latitude,neocloud,USD,administered_uniform,12,1.1795,0.35,1,1.1336,11,1,
2026-09-17,seller,RTX_PRO_6000,latitude,neocloud,USD,administered_uniform,0,6.25,1.0,,,,,
2026-09-17,seller,RTX_PRO_6000,latitude,neocloud,USD,administered_uniform,1,3.125,0.5,0,3.125,1,0,
2026-09-17,seller,RTX_PRO_6000,latitude,neocloud,USD,administered_uniform,12,2.1875,0.35,1,2.1023,11,1,
2026-09-17,seller,A100_UNSPEC,ovhcloud,neocloud,EUR,administered_differentiated,0,2.75,1.0,,,,,
2026-09-17,seller,A100_UNSPEC,ovhcloud,neocloud,EUR,administered_differentiated,1,1.5068,0.5479,0,1.5068,1,0,
2026-09-17,seller,H100_PCIE,ovhcloud,neocloud,EUR,administered_differentiated,0,2.8,1.0,,,,,
2026-09-17,seller,H100_PCIE,ovhcloud,neocloud,EUR,administered_differentiated,1,2.6575,0.9491,0,2.6575,1,0,
2026-09-17,seller,L4,ovhcloud,neocloud,EUR,administered_differentiated,0,0.75,1.0,,,,,
2026-09-17,seller,L4,ovhcloud,neocloud,EUR,administered_differentiated,1,0.7397,0.9863,0,0.7397,1,0,
2026-09-17,seller,L4,ovhcloud,neocloud,USD,administered_differentiated,0,1.0,1.0,,,,,
2026-09-17,seller,L4,ovhcloud,neocloud,USD,administered_differentiated,1,0.9863,0.9863,0,0.9863,1,0,
2026-09-17,seller,L40S,ovhcloud,neocloud,EUR,administered_differentiated,0,1.4,1.0,,,,,
2026-09-17,seller,L40S,ovhcloud,neocloud,EUR,administered_differentiated,1,1.3808,0.9863,0,1.3808,1,0,
2026-09-17,seller,L40S,ovhcloud,neocloud,USD,administered_differentiated,0,1.8,1.0,,,,,
2026-09-17,seller,L40S,ovhcloud,neocloud,USD,administered_differentiated,1,1.7753,0.9863,0,1.7753,1,0,
2026-09-17,seller,V100,ovhcloud,neocloud,EUR,administered_differentiated,0,0.7,1.0,,,,,
2026-09-17,seller,V100,ovhcloud,neocloud,EUR,administered_differentiated,1,0.6904,0.9863,0,0.6904,1,0,
2026-09-17,seller,V100S,ovhcloud,neocloud,EUR,administered_differentiated,0,0.8,1.0,,,,,
2026-09-17,seller,V100S,ovhcloud,neocloud,EUR,administered_differentiated,1,0.789,0.9862,0,0.789,1,0,
2026-09-17,seller,V100S,ovhcloud,neocloud,USD,administered_differentiated,0,0.88,1.0,,,,,
2026-09-17,seller,V100S,ovhcloud,neocloud,USD,administered_differentiated,1,0.8685,0.9869,0,0.8685,1,0,
2026-09-17,seller,H100_SXM,seeweb,neocloud,EUR,administered_untested,0,1.89,1.0,,,,,
2026-09-17,seller,H100_SXM,seeweb,neocloud,EUR,administered_untested,3,1.8,0.9524,0,1.8,3,0,
2026-09-17,seller,H100_SXM,seeweb,neocloud,EUR,administered_untested,6,1.7,0.8995,3,1.6,3,0,
2026-09-17,seller,H100_SXM,seeweb,neocloud,EUR,administered_untested,12,1.61,0.8519,6,1.52,6,0,
2026-09-18,seller,A100_PCIE,azure,hyperscaler,USD,administered_differentiated,0,4.775,1.0,,,,,
2026-09-18,seller,A100_PCIE,azure,hyperscaler,USD,administered_differentiated,12,3.1213,0.6537,0,3.1213,12,1,
2026-09-18,seller,A100_PCIE,azure,hyperscaler,USD,administered_differentiated,36,1.772,0.3711,12,1.0973,24,1,
2026-09-18,seller,A100_SXM,azure,hyperscaler,USD,administered_differentiated,0,5.1203,1.0,,,,,
2026-09-18,seller,A100_SXM,azure,hyperscaler,USD,administered_differentiated,12,3.277,0.64,0,3.277,12,1,
2026-09-18,seller,A100_SXM,azure,hyperscaler,USD,administered_differentiated,36,2.2529,0.44,12,1.7409,24,1,
2026-09-18,seller,H100_PCIE,azure,hyperscaler,USD,administered_differentiated,0,9.074,1.0,,,,,
2026-09-18,seller,H100_PCIE,azure,hyperscaler,USD,administered_differentiated,12,6.8055,0.75,0,6.8055,12,1,
2026-09-18,seller,H100_PCIE,azure,hyperscaler,USD,administered_differentiated,36,4.9907,0.55,12,4.0833,24,1,
2026-09-18,seller,H100_SXM,azure,hyperscaler,USD,administered_differentiated,0,14.3793,1.0,,,,,
2026-09-18,seller,H100_SXM,azure,hyperscaler,USD,administered_differentiated,12,9.2028,0.64,0,9.2028,12,1,
2026-09-18,seller,H100_SXM,azure,hyperscaler,USD,administered_differentiated,36,6.3125,0.439,12,4.8674,24,1,
2026-09-18,seller,H100_SXM,azure,hyperscaler,USD,administered_differentiated,60,5.7517,0.4,36,4.9105,24,1,
2026-09-18,seller,H200_SXM,azure,hyperscaler,USD,administered_differentiated,0,13.78,1.0,,,,,
2026-09-18,seller,H200_SXM,azure,hyperscaler,USD,administered_differentiated,12,7.5597,0.5486,0,7.5597,12,1,
2026-09-18,seller,H200_SXM,azure,hyperscaler,USD,administered_differentiated,36,6.8611,0.4979,12,6.5117,24,1,
2026-09-18,seller,A100_40GB,civo,neocloud,USD,administered_differentiated,0,1.09,1.0,,,,,
2026-09-18,seller,A100_40GB,civo,neocloud,USD,administered_differentiated,6,0.99,0.9083,0,0.99,6,0,
2026-09-18,seller,A100_40GB,civo,neocloud,USD,administered_differentiated,12,0.89,0.8165,6,0.79,6,0,
2026-09-18,seller,A100_40GB,civo,neocloud,USD,administered_differentiated,24,0.79,0.7248,12,0.69,12,1,
2026-09-18,seller,A100_40GB,civo,neocloud,USD,administered_differentiated,36,0.69,0.633,24,0.49,12,1,
2026-09-18,seller,A100_UNSPEC,civo,neocloud,USD,administered_differentiated,0,1.79,1.0,,,,,
2026-09-18,seller,A100_UNSPEC,civo,neocloud,USD,administered_differentiated,6,1.69,0.9441,0,1.69,6,0,
2026-09-18,seller,A100_UNSPEC,civo,neocloud,USD,administered_differentiated,12,1.59,0.8883,6,1.49,6,0,
2026-09-18,seller,A100_UNSPEC,civo,neocloud,USD,administered_differentiated,24,1.49,0.8324,12,1.39,12,1,
2026-09-18,seller,A100_UNSPEC,civo,neocloud,USD,administered_differentiated,36,1.39,0.7765,24,1.19,12,1,
2026-09-18,seller,B300_SXM,civo,neocloud,USD,administered_differentiated,0,7.49,1.0,,,,,
2026-09-18,seller,B300_SXM,civo,neocloud,USD,administered_differentiated,12,6.49,0.8665,0,6.49,12,1,
2026-09-18,seller,B300_SXM,civo,neocloud,USD,administered_differentiated,24,5.99,0.7997,12,5.49,12,1,
2026-09-18,seller,B300_SXM,civo,neocloud,USD,administered_differentiated,36,5.49,0.733,24,4.49,12,1,
2026-09-18,seller,H100_SXM,civo,neocloud,USD,administered_differentiated,0,2.99,1.0,,,,,
2026-09-18,seller,H100_SXM,civo,neocloud,USD,administered_differentiated,6,2.79,0.9331,0,2.79,6,0,
2026-09-18,seller,H100_SXM,civo,neocloud,USD,administered_differentiated,12,2.69,0.8997,6,2.59,6,0,
2026-09-18,seller,H100_SXM,civo,neocloud,USD,administered_differentiated,24,2.59,0.8662,12,2.49,12,1,
2026-09-18,seller,H100_SXM,civo,neocloud,USD,administered_differentiated,36,2.49,0.8328,24,2.29,12,1,
2026-09-18,seller,H200_SXM,civo,neocloud,USD,administered_differentiated,0,3.49,1.0,,,,,
2026-09-18,seller,H200_SXM,civo,neocloud,USD,administered_differentiated,6,3.29,0.9427,0,3.29,6,0,
2026-09-18,seller,H200_SXM,civo,neocloud,USD,administered_differentiated,12,3.19,0.914,6,3.09,6,0,
2026-09-18,seller,H200_SXM,civo,neocloud,USD,administered_differentiated,24,3.09,0.8854,12,2.99,12,1,
2026-09-18,seller,H200_SXM,civo,neocloud,USD,administered_differentiated,36,2.99,0.8567,24,2.79,12,1,
2026-09-18,seller,L40S,civo,neocloud,USD,administered_differentiated,0,1.29,1.0,,,,,
2026-09-18,seller,L40S,civo,neocloud,USD,administered_differentiated,6,1.19,0.9225,0,1.19,6,0,
2026-09-18,seller,L40S,civo,neocloud,USD,administered_differentiated,12,1.09,0.845,6,0.99,6,0,
2026-09-18,seller,L40S,civo,neocloud,USD,administered_differentiated,24,0.99,0.7674,12,0.89,12,1,
2026-09-18,seller,L40S,civo,neocloud,USD,administered_differentiated,36,0.89,0.6899,24,0.69,12,1,
2026-09-18,seller,B300_SXM,latitude,neocloud,USD,administered_uniform,0,16.0,1.0,,,,,
2026-09-18,seller,B300_SXM,latitude,neocloud,USD,administered_uniform,1,8.0,0.5,0,8.0,1,0,
2026-09-18,seller,B300_SXM,latitude,neocloud,USD,administered_uniform,12,5.6,0.35,1,5.3818,11,1,
2026-09-18,seller,H100_UNSPEC,latitude,neocloud,USD,administered_uniform,0,3.37,1.0,,,,,
2026-09-18,seller,H100_UNSPEC,latitude,neocloud,USD,administered_uniform,1,1.6849,0.5,0,1.6849,1,0,
2026-09-18,seller,H100_UNSPEC,latitude,neocloud,USD,administered_uniform,12,1.1795,0.35,1,1.1336,11,1,
2026-09-18,seller,RTX_PRO_6000,latitude,neocloud,USD,administered_uniform,0,6.25,1.0,,,,,
2026-09-18,seller,RTX_PRO_6000,latitude,neocloud,USD,administered_uniform,1,3.125,0.5,0,3.125,1,0,
2026-09-18,seller,RTX_PRO_6000,latitude,neocloud,USD,administered_uniform,12,2.1875,0.35,1,2.1023,11,1,
2026-09-18,seller,A100_UNSPEC,ovhcloud,neocloud,EUR,administered_differentiated,0,2.75,1.0,,,,,
2026-09-18,seller,A100_UNSPEC,ovhcloud,neocloud,EUR,administered_differentiated,1,1.5068,0.5479,0,1.5068,1,0,
2026-09-18,seller,H100_PCIE,ovhcloud,neocloud,EUR,administered_differentiated,0,2.8,1.0,,,,,
2026-09-18,seller,H100_PCIE,ovhcloud,neocloud,EUR,administered_differentiated,1,2.6575,0.9491,0,2.6575,1,0,
2026-09-18,seller,L4,ovhcloud,neocloud,EUR,administered_differentiated,0,0.75,1.0,,,,,
2026-09-18,seller,L4,ovhcloud,neocloud,EUR,administered_differentiated,1,0.7397,0.9863,0,0.7397,1,0,
2026-09-18,seller,L4,ovhcloud,neocloud,USD,administered_differentiated,0,1.0,1.0,,,,,
2026-09-18,seller,L4,ovhcloud,neocloud,USD,administered_differentiated,1,0.9863,0.9863,0,0.9863,1,0,
2026-09-18,seller,L40S,ovhcloud,neocloud,EUR,administered_differentiated,0,1.4,1.0,,,,,
2026-09-18,seller,L40S,ovhcloud,neocloud,EUR,administered_differentiated,1,1.3808,0.9863,0,1.3808,1,0,
2026-09-18,seller,L40S,ovhcloud,neocloud,USD,administered_differentiated,0,1.8,1.0,,,,,
2026-09-18,seller,L40S,ovhcloud,neocloud,USD,administered_differentiated,1,1.7753,0.9863,0,1.7753,1,0,
2026-09-18,seller,V100,ovhcloud,neocloud,EUR,administered_differentiated,0,0.7,1.0,,,,,
2026-09-18,seller,V100,ovhcloud,neocloud,EUR,administered_differentiated,1,0.6904,0.9863,0,0.6904,1,0,
2026-09-18,seller,V100S,ovhcloud,neocloud,EUR,administered_differentiated,0,0.8,1.0,,,,,
2026-09-18,seller,V100S,ovhcloud,neocloud,EUR,administered_differentiated,1,0.789,0.9862,0,0.789,1,0,
2026-09-18,seller,V100S,ovhcloud,neocloud,USD,administered_differentiated,0,0.88,1.0,,,,,
2026-09-18,seller,V100S,ovhcloud,neocloud,USD,administered_differentiated,1,0.8685,0.9869,0,0.8685,1,0,
2026-09-18,seller,H100_SXM,seeweb,neocloud,EUR,administered_untested,0,1.89,1.0,,,,,
2026-09-18,seller,H100_SXM,seeweb,neocloud,EUR,administered_untested,3,1.8,0.9524,0,1.8,3,0,
2026-09-18,seller,H100_SXM,seeweb,neocloud,EUR,administered_untested,6,1.7,0.8995,3,1.6,3,0,
2026-09-18,seller,H100_SXM,seeweb,neocloud,EUR,administered_untested,12,1.61,0.8519,6,1.52,6,0,
2026-09-19,seller,A100_PCIE,azure,hyperscaler,USD,administered_differentiated,0,4.775,1.0,,,,,
2026-09-19,seller,A100_PCIE,azure,hyperscaler,USD,administered_differentiated,12,3.1213,0.6537,0,3.1213,12,1,
2026-09-19,seller,A100_PCIE,azure,hyperscaler,USD,administered_differentiated,36,1.772,0.3711,12,1.0973,24,1,
2026-09-19,seller,A100_SXM,azure,hyperscaler,USD,administered_differentiated,0,5.1203,1.0,,,,,
2026-09-19,seller,A100_SXM,azure,hyperscaler,USD,administered_differentiated,12,3.277,0.64,0,3.277,12,1,
2026-09-19,seller,A100_SXM,azure,hyperscaler,USD,administered_differentiated,36,2.2529,0.44,12,1.7409,24,1,
2026-09-19,seller,H100_PCIE,azure,hyperscaler,USD,administered_differentiated,0,9.074,1.0,,,,,
2026-09-19,seller,H100_PCIE,azure,hyperscaler,USD,administered_differentiated,12,6.8055,0.75,0,6.8055,12,1,
2026-09-19,seller,H100_PCIE,azure,hyperscaler,USD,administered_differentiated,36,4.9907,0.55,12,4.0833,24,1,
2026-09-19,seller,H100_SXM,azure,hyperscaler,USD,administered_differentiated,0,14.3793,1.0,,,,,
2026-09-19,seller,H100_SXM,azure,hyperscaler,USD,administered_differentiated,12,9.2028,0.64,0,9.2028,12,1,
2026-09-19,seller,H100_SXM,azure,hyperscaler,USD,administered_differentiated,36,6.3125,0.439,12,4.8674,24,1,
2026-09-19,seller,H100_SXM,azure,hyperscaler,USD,administered_differentiated,60,5.7517,0.4,36,4.9105,24,1,
2026-09-19,seller,H200_SXM,azure,hyperscaler,USD,administered_differentiated,0,13.78,1.0,,,,,
2026-09-19,seller,H200_SXM,azure,hyperscaler,USD,administered_differentiated,12,7.5597,0.5486,0,7.5597,12,1,
2026-09-19,seller,H200_SXM,azure,hyperscaler,USD,administered_differentiated,36,6.8611,0.4979,12,6.5117,24,1,
2026-09-19,seller,A100_40GB,civo,neocloud,USD,administered_differentiated,0,1.09,1.0,,,,,
2026-09-19,seller,A100_40GB,civo,neocloud,USD,administered_differentiated,6,0.99,0.9083,0,0.99,6,0,
2026-09-19,seller,A100_40GB,civo,neocloud,USD,administered_differentiated,12,0.89,0.8165,6,0.79,6,0,
2026-09-19,seller,A100_40GB,civo,neocloud,USD,administered_differentiated,24,0.79,0.7248,12,0.69,12,1,
2026-09-19,seller,A100_40GB,civo,neocloud,USD,administered_differentiated,36,0.69,0.633,24,0.49,12,1,
2026-09-19,seller,A100_UNSPEC,civo,neocloud,USD,administered_differentiated,0,1.79,1.0,,,,,
2026-09-19,seller,A100_UNSPEC,civo,neocloud,USD,administered_differentiated,6,1.69,0.9441,0,1.69,6,0,
2026-09-19,seller,A100_UNSPEC,civo,neocloud,USD,administered_differentiated,12,1.59,0.8883,6,1.49,6,0,
2026-09-19,seller,A100_UNSPEC,civo,neocloud,USD,administered_differentiated,24,1.49,0.8324,12,1.39,12,1,
2026-09-19,seller,A100_UNSPEC,civo,neocloud,USD,administered_differentiated,36,1.39,0.7765,24,1.19,12,1,
2026-09-19,seller,B300_SXM,civo,neocloud,USD,administered_differentiated,0,7.49,1.0,,,,,
2026-09-19,seller,B300_SXM,civo,neocloud,USD,administered_differentiated,12,6.49,0.8665,0,6.49,12,1,
2026-09-19,seller,B300_SXM,civo,neocloud,USD,administered_differentiated,24,5.99,0.7997,12,5.49,12,1,
2026-09-19,seller,B300_SXM,civo,neocloud,USD,administered_differentiated,36,5.49,0.733,24,4.49,12,1,
2026-09-19,seller,H100_SXM,civo,neocloud,USD,administered_differentiated,0,2.99,1.0,,,,,
2026-09-19,seller,H100_SXM,civo,neocloud,USD,administered_differentiated,6,2.79,0.9331,0,2.79,6,0,
2026-09-19,seller,H100_SXM,civo,neocloud,USD,administered_differentiated,12,2.69,0.8997,6,2.59,6,0,
2026-09-19,seller,H100_SXM,civo,neocloud,USD,administered_differentiated,24,2.59,0.8662,12,2.49,12,1,
2026-09-19,seller,H100_SXM,civo,neocloud,USD,administered_differentiated,36,2.49,0.8328,24,2.29,12,1,
2026-09-19,seller,H200_SXM,civo,neocloud,USD,administered_differentiated,0,3.49,1.0,,,,,
2026-09-19,seller,H200_SXM,civo,neocloud,USD,administered_differentiated,6,3.29,0.9427,0,3.29,6,0,
2026-09-19,seller,H200_SXM,civo,neocloud,USD,administered_differentiated,12,3.19,0.914,6,3.09,6,0,
2026-09-19,seller,H200_SXM,civo,neocloud,USD,administered_differentiated,24,3.09,0.8854,12,2.99,12,1,
2026-09-19,seller,H200_SXM,civo,neocloud,USD,administered_differentiated,36,2.99,0.8567,24,2.79,12,1,
2026-09-19,seller,L40S,civo,neocloud,USD,administered_differentiated,0,1.29,1.0,,,,,
2026-09-19,seller,L40S,civo,neocloud,USD,administered_differentiated,6,1.19,0.9225,0,1.19,6,0,
2026-09-19,seller,L40S,civo,neocloud,USD,administered_differentiated,12,1.09,0.845,6,0.99,6,0,
2026-09-19,seller,L40S,civo,neocloud,USD,administered_differentiated,24,0.99,0.7674,12,0.89,12,1,
2026-09-19,seller,L40S,civo,neocloud,USD,administered_differentiated,36,0.89,0.6899,24,0.69,12,1,
2026-09-19,seller,B300_SXM,latitude,neocloud,USD,administered_uniform,0,16.0,1.0,,,,,
2026-09-19,seller,B300_SXM,latitude,neocloud,USD,administered_uniform,1,8.0,0.5,0,8.0,1,0,
2026-09-19,seller,B300_SXM,latitude,neocloud,USD,administered_uniform,12,5.6,0.35,1,5.3818,11,1,
2026-09-19,seller,H100_UNSPEC,latitude,neocloud,USD,administered_uniform,0,3.37,1.0,,,,,
2026-09-19,seller,H100_UNSPEC,latitude,neocloud,USD,administered_uniform,1,1.6849,0.5,0,1.6849,1,0,
2026-09-19,seller,H100_UNSPEC,latitude,neocloud,USD,administered_uniform,12,1.1795,0.35,1,1.1336,11,1,
2026-09-19,seller,RTX_PRO_6000,latitude,neocloud,USD,administered_uniform,0,6.25,1.0,,,,,
2026-09-19,seller,RTX_PRO_6000,latitude,neocloud,USD,administered_uniform,1,3.125,0.5,0,3.125,1,0,
2026-09-19,seller,RTX_PRO_6000,latitude,neocloud,USD,administered_uniform,12,2.1875,0.35,1,2.1023,11,1,
2026-09-19,seller,A100_UNSPEC,ovhcloud,neocloud,EUR,administered_differentiated,0,2.75,1.0,,,,,
2026-09-19,seller,A100_UNSPEC,ovhcloud,neocloud,EUR,administered_differentiated,1,1.5068,0.5479,0,1.5068,1,0,
2026-09-19,seller,H100_PCIE,ovhcloud,neocloud,EUR,administered_differentiated,0,2.8,1.0,,,,,
2026-09-19,seller,H100_PCIE,ovhcloud,neocloud,EUR,administered_differentiated,1,2.6575,0.9491,0,2.6575,1,0,
2026-09-19,seller,L4,ovhcloud,neocloud,EUR,administered_differentiated,0,0.75,1.0,,,,,
2026-09-19,seller,L4,ovhcloud,neocloud,EUR,administered_differentiated,1,0.7397,0.9863,0,0.7397,1,0,
2026-09-19,seller,L4,ovhcloud,neocloud,USD,administered_differentiated,0,1.0,1.0,,,,,
2026-09-19,seller,L4,ovhcloud,neocloud,USD,administered_differentiated,1,0.9863,0.9863,0,0.9863,1,0,
2026-09-19,seller,L40S,ovhcloud,neocloud,EUR,administered_differentiated,0,1.4,1.0,,,,,
2026-09-19,seller,L40S,ovhcloud,neocloud,EUR,administered_differentiated,1,1.3808,0.9863,0,1.3808,1,0,
2026-09-19,seller,L40S,ovhcloud,neocloud,USD,administered_differentiated,0,1.8,1.0,,,,,
2026-09-19,seller,L40S,ovhcloud,neocloud,USD,administered_differentiated,1,1.7753,0.9863,0,1.7753,1,0,
2026-09-19,seller,V100,ovhcloud,neocloud,EUR,administered_differentiated,0,0.7,1.0,,,,,
2026-09-19,seller,V100,ovhcloud,neocloud,EUR,administered_differentiated,1,0.6904,0.9863,0,0.6904,1,0,
2026-09-19,seller,V100S,ovhcloud,neocloud,EUR,administered_differentiated,0,0.8,1.0,,,,,
2026-09-19,seller,V100S,ovhcloud,neocloud,EUR,administered_differentiated,1,0.789,0.9862,0,0.789,1,0,
2026-09-19,seller,V100S,ovhcloud,neocloud,USD,administered_differentiated,0,0.88,1.0,,,,,
2026-09-19,seller,V100S,ovhcloud,neocloud,USD,administered_differentiated,1,0.8685,0.9869,0,0.8685,1,0,
2026-09-19,seller,H100_SXM,seeweb,neocloud,EUR,administered_untested,0,1.89,1.0,,,,,
2026-09-19,seller,H100_SXM,seeweb,neocloud,EUR,administered_untested,3,1.8,0.9524,0,1.8,3,0,
2026-09-19,seller,H100_SXM,seeweb,neocloud,EUR,administered_untested,6,1.7,0.8995,3,1.6,3,0,
2026-09-19,seller,H100_SXM,seeweb,neocloud,EUR,administered_untested,12,1.61,0.8519,6,1.52,6,0,
2026-09-20,seller,A100_PCIE,azure,hyperscaler,USD,administered_differentiated,0,4.775,1.0,,,,,
2026-09-20,seller,A100_PCIE,azure,hyperscaler,USD,administered_differentiated,12,3.1213,0.6537,0,3.1213,12,1,
2026-09-20,seller,A100_PCIE,azure,hyperscaler,USD,administered_differentiated,36,1.772,0.3711,12,1.0973,24,1,
2026-09-20,seller,A100_SXM,azure,hyperscaler,USD,administered_differentiated,0,5.1203,1.0,,,,,
2026-09-20,seller,A100_SXM,azure,hyperscaler,USD,administered_differentiated,12,3.277,0.64,0,3.277,12,1,
2026-09-20,seller,A100_SXM,azure,hyperscaler,USD,administered_differentiated,36,2.2529,0.44,12,1.7409,24,1,
2026-09-20,seller,H100_PCIE,azure,hyperscaler,USD,administered_differentiated,0,9.074,1.0,,,,,
2026-09-20,seller,H100_PCIE,azure,hyperscaler,USD,administered_differentiated,12,6.8055,0.75,0,6.8055,12,1,
2026-09-20,seller,H100_PCIE,azure,hyperscaler,USD,administered_differentiated,36,4.9907,0.55,12,4.0833,24,1,
2026-09-20,seller,H100_SXM,azure,hyperscaler,USD,administered_differentiated,0,14.3793,1.0,,,,,
2026-09-20,seller,H100_SXM,azure,hyperscaler,USD,administered_differentiated,12,9.2028,0.64,0,9.2028,12,1,
2026-09-20,seller,H100_SXM,azure,hyperscaler,USD,administered_differentiated,36,6.3125,0.439,12,4.8674,24,1,
2026-09-20,seller,H100_SXM,azure,hyperscaler,USD,administered_differentiated,60,5.7517,0.4,36,4.9105,24,1,
2026-09-20,seller,H200_SXM,azure,hyperscaler,USD,administered_differentiated,0,13.78,1.0,,,,,
2026-09-20,seller,H200_SXM,azure,hyperscaler,USD,administered_differentiated,12,7.5597,0.5486,0,7.5597,12,1,
2026-09-20,seller,H200_SXM,azure,hyperscaler,USD,administered_differentiated,36,6.8611,0.4979,12,6.5117,24,1,
2026-09-20,seller,A100_40GB,civo,neocloud,USD,administered_differentiated,0,1.09,1.0,,,,,
2026-09-20,seller,A100_40GB,civo,neocloud,USD,administered_differentiated,6,0.99,0.9083,0,0.99,6,0,
2026-09-20,seller,A100_40GB,civo,neocloud,USD,administered_differentiated,12,0.89,0.8165,6,0.79,6,0,
2026-09-20,seller,A100_40GB,civo,neocloud,USD,administered_differentiated,24,0.79,0.7248,12,0.69,12,1,
2026-09-20,seller,A100_40GB,civo,neocloud,USD,administered_differentiated,36,0.69,0.633,24,0.49,12,1,
2026-09-20,seller,A100_UNSPEC,civo,neocloud,USD,administered_differentiated,0,1.79,1.0,,,,,
2026-09-20,seller,A100_UNSPEC,civo,neocloud,USD,administered_differentiated,6,1.69,0.9441,0,1.69,6,0,
2026-09-20,seller,A100_UNSPEC,civo,neocloud,USD,administered_differentiated,12,1.59,0.8883,6,1.49,6,0,
2026-09-20,seller,A100_UNSPEC,civo,neocloud,USD,administered_differentiated,24,1.49,0.8324,12,1.39,12,1,
2026-09-20,seller,A100_UNSPEC,civo,neocloud,USD,administered_differentiated,36,1.39,0.7765,24,1.19,12,1,
2026-09-20,seller,B300_SXM,civo,neocloud,USD,administered_differentiated,0,7.49,1.0,,,,,
2026-09-20,seller,B300_SXM,civo,neocloud,USD,administered_differentiated,12,6.49,0.8665,0,6.49,12,1,
2026-09-20,seller,B300_SXM,civo,neocloud,USD,administered_differentiated,24,5.99,0.7997,12,5.49,12,1,
2026-09-20,seller,B300_SXM,civo,neocloud,USD,administered_differentiated,36,5.49,0.733,24,4.49,12,1,
2026-09-20,seller,H100_SXM,civo,neocloud,USD,administered_differentiated,0,2.99,1.0,,,,,
2026-09-20,seller,H100_SXM,civo,neocloud,USD,administered_differentiated,6,2.79,0.9331,0,2.79,6,0,
2026-09-20,seller,H100_SXM,civo,neocloud,USD,administered_differentiated,12,2.69,0.8997,6,2.59,6,0,
2026-09-20,seller,H100_SXM,civo,neocloud,USD,administered_differentiated,24,2.59,0.8662,12,2.49,12,1,
2026-09-20,seller,H100_SXM,civo,neocloud,USD,administered_differentiated,36,2.49,0.8328,24,2.29,12,1,
2026-09-20,seller,H200_SXM,civo,neocloud,USD,administered_differentiated,0,3.49,1.0,,,,,
2026-09-20,seller,H200_SXM,civo,neocloud,USD,administered_differentiated,6,3.29,0.9427,0,3.29,6,0,
2026-09-20,seller,H200_SXM,civo,neocloud,USD,administered_differentiated,12,3.19,0.914,6,3.09,6,0,
2026-09-20,seller,H200_SXM,civo,neocloud,USD,administered_differentiated,24,3.09,0.8854,12,2.99,12,1,
2026-09-20,seller,H200_SXM,civo,neocloud,USD,administered_differentiated,36,2.99,0.8567,24,2.79,12,1,
2026-09-20,seller,L40S,civo,neocloud,USD,administered_differentiated,0,1.29,1.0,,,,,
2026-09-20,seller,L40S,civo,neocloud,USD,administered_differentiated,6,1.19,0.9225,0,1.19,6,0,
2026-09-20,seller,L40S,civo,neocloud,USD,administered_differentiated,12,1.09,0.845,6,0.99,6,0,
2026-09-20,seller,L40S,civo,neocloud,USD,administered_differentiated,24,0.99,0.7674,12,0.89,12,1,
2026-09-20,seller,L40S,civo,neocloud,USD,administered_differentiated,36,0.89,0.6899,24,0.69,12,1,
2026-09-20,seller,B300_SXM,latitude,neocloud,USD,administered_uniform,0,16.0,1.0,,,,,
2026-09-20,seller,B300_SXM,latitude,neocloud,USD,administered_uniform,1,8.0,0.5,0,8.0,1,0,
2026-09-20,seller,B300_SXM,latitude,neocloud,USD,administered_uniform,12,5.6,0.35,1,5.3818,11,1,
2026-09-20,seller,H100_UNSPEC,latitude,neocloud,USD,administered_uniform,0,3.37,1.0,,,,,
2026-09-20,seller,H100_UNSPEC,latitude,neocloud,USD,administered_uniform,1,1.6849,0.5,0,1.6849,1,0,
2026-09-20,seller,H100_UNSPEC,latitude,neocloud,USD,administered_uniform,12,1.1795,0.35,1,1.1336,11,1,
2026-09-20,seller,RTX_PRO_6000,latitude,neocloud,USD,administered_uniform,0,6.25,1.0,,,,,
2026-09-20,seller,RTX_PRO_6000,latitude,neocloud,USD,administered_uniform,1,3.125,0.5,0,3.125,1,0,
2026-09-20,seller,RTX_PRO_6000,latitude,neocloud,USD,administered_uniform,12,2.1875,0.35,1,2.1023,11,1,
2026-09-20,seller,A100_UNSPEC,ovhcloud,neocloud,EUR,administered_differentiated,0,2.75,1.0,,,,,
2026-09-20,seller,A100_UNSPEC,ovhcloud,neocloud,EUR,administered_differentiated,1,1.5068,0.5479,0,1.5068,1,0,
2026-09-20,seller,H100_PCIE,ovhcloud,neocloud,EUR,administered_differentiated,0,2.8,1.0,,,,,
2026-09-20,seller,H100_PCIE,ovhcloud,neocloud,EUR,administered_differentiated,1,2.6575,0.9491,0,2.6575,1,0,
2026-09-20,seller,L4,ovhcloud,neocloud,EUR,administered_differentiated,0,0.75,1.0,,,,,
2026-09-20,seller,L4,ovhcloud,neocloud,EUR,administered_differentiated,1,0.7397,0.9863,0,0.7397,1,0,
2026-09-20,seller,L4,ovhcloud,neocloud,USD,administered_differentiated,0,1.0,1.0,,,,,
2026-09-20,seller,L4,ovhcloud,neocloud,USD,administered_differentiated,1,0.9863,0.9863,0,0.9863,1,0,
2026-09-20,seller,L40S,ovhcloud,neocloud,EUR,administered_differentiated,0,1.4,1.0,,,,,
2026-09-20,seller,L40S,ovhcloud,neocloud,EUR,administered_differentiated,1,1.3808,0.9863,0,1.3808,1,0,
2026-09-20,seller,L40S,ovhcloud,neocloud,USD,administered_differentiated,0,1.8,1.0,,,,,
2026-09-20,seller,L40S,ovhcloud,neocloud,USD,administered_differentiated,1,1.7753,0.9863,0,1.7753,1,0,
2026-09-20,seller,V100,ovhcloud,neocloud,EUR,administered_differentiated,0,0.7,1.0,,,,,
2026-09-20,seller,V100,ovhcloud,neocloud,EUR,administered_differentiated,1,0.6904,0.9863,0,0.6904,1,0,
2026-09-20,seller,V100S,ovhcloud,neocloud,EUR,administered_differentiated,0,0.8,1.0,,,,,
2026-09-20,seller,V100S,ovhcloud,neocloud,EUR,administered_differentiated,1,0.789,0.9862,0,0.789,1,0,
2026-09-20,seller,V100S,ovhcloud,neocloud,USD,administered_differentiated,0,0.88,1.0,,,,,
2026-09-20,seller,V100S,ovhcloud,neocloud,USD,administered_differentiated,1,0.8685,0.9869,0,0.8685,1,0,
2026-09-20,seller,H100_SXM,seeweb,neocloud,EUR,administered_untested,0,1.89,1.0,,,,,
2026-09-20,seller,H100_SXM,seeweb,neocloud,EUR,administered_untested,3,1.8,0.9524,0,1.8,3,0,
2026-09-20,seller,H100_SXM,seeweb,neocloud,EUR,administered_untested,6,1.7,0.8995,3,1.6,3,0,
2026-09-20,seller,H100_SXM,seeweb,neocloud,EUR,administered_untested,12,1.61,0.8519,6,1.52,6,0,
2026-09-21,seller,A100_PCIE,azure,hyperscaler,USD,administered_differentiated,0,4.775,1.0,,,,,
2026-09-21,seller,A100_PCIE,azure,hyperscaler,USD,administered_differentiated,12,3.1213,0.6537,0,3.1213,12,1,
2026-09-21,seller,A100_PCIE,azure,hyperscaler,USD,administered_differentiated,36,1.772,0.3711,12,1.0973,24,1,
2026-09-21,seller,A100_SXM,azure,hyperscaler,USD,administered_differentiated,0,5.1203,1.0,,,,,
2026-09-21,seller,A100_SXM,azure,hyperscaler,USD,administered_differentiated,12,3.277,0.64,0,3.277,12,1,
2026-09-21,seller,A100_SXM,azure,hyperscaler,USD,administered_differentiated,36,2.2529,0.44,12,1.7409,24,1,
2026-09-21,seller,H100_PCIE,azure,hyperscaler,USD,administered_differentiated,0,9.074,1.0,,,,,
2026-09-21,seller,H100_PCIE,azure,hyperscaler,USD,administered_differentiated,12,6.8055,0.75,0,6.8055,12,1,
2026-09-21,seller,H100_PCIE,azure,hyperscaler,USD,administered_differentiated,36,4.9907,0.55,12,4.0833,24,1,
2026-09-21,seller,H100_SXM,azure,hyperscaler,USD,administered_differentiated,0,14.3793,1.0,,,,,
2026-09-21,seller,H100_SXM,azure,hyperscaler,USD,administered_differentiated,12,9.2028,0.64,0,9.2028,12,1,
2026-09-21,seller,H100_SXM,azure,hyperscaler,USD,administered_differentiated,36,6.3125,0.439,12,4.8674,24,1,
2026-09-21,seller,H100_SXM,azure,hyperscaler,USD,administered_differentiated,60,5.7517,0.4,36,4.9105,24,1,
2026-09-21,seller,H200_SXM,azure,hyperscaler,USD,administered_differentiated,0,13.78,1.0,,,,,
2026-09-21,seller,H200_SXM,azure,hyperscaler,USD,administered_differentiated,12,7.5597,0.5486,0,7.5597,12,1,
2026-09-21,seller,H200_SXM,azure,hyperscaler,USD,administered_differentiated,36,6.8611,0.4979,12,6.5117,24,1,
2026-09-21,seller,A100_40GB,civo,neocloud,USD,administered_differentiated,0,1.09,1.0,,,,,
2026-09-21,seller,A100_40GB,civo,neocloud,USD,administered_differentiated,6,0.99,0.9083,0,0.99,6,0,
2026-09-21,seller,A100_40GB,civo,neocloud,USD,administered_differentiated,12,0.89,0.8165,6,0.79,6,0,
2026-09-21,seller,A100_40GB,civo,neocloud,USD,administered_differentiated,24,0.79,0.7248,12,0.69,12,1,
2026-09-21,seller,A100_40GB,civo,neocloud,USD,administered_differentiated,36,0.69,0.633,24,0.49,12,1,
2026-09-21,seller,A100_UNSPEC,civo,neocloud,USD,administered_differentiated,0,1.79,1.0,,,,,
2026-09-21,seller,A100_UNSPEC,civo,neocloud,USD,administered_differentiated,6,1.69,0.9441,0,1.69,6,0,
2026-09-21,seller,A100_UNSPEC,civo,neocloud,USD,administered_differentiated,12,1.59,0.8883,6,1.49,6,0,
2026-09-21,seller,A100_UNSPEC,civo,neocloud,USD,administered_differentiated,24,1.49,0.8324,12,1.39,12,1,
2026-09-21,seller,A100_UNSPEC,civo,neocloud,USD,administered_differentiated,36,1.39,0.7765,24,1.19,12,1,
2026-09-21,seller,B300_SXM,civo,neocloud,USD,administered_differentiated,0,7.49,1.0,,,,,
2026-09-21,seller,B300_SXM,civo,neocloud,USD,administered_differentiated,12,6.49,0.8665,0,6.49,12,1,
2026-09-21,seller,B300_SXM,civo,neocloud,USD,administered_differentiated,24,5.99,0.7997,12,5.49,12,1,
2026-09-21,seller,B300_SXM,civo,neocloud,USD,administered_differentiated,36,5.49,0.733,24,4.49,12,1,
2026-09-21,seller,H100_SXM,civo,neocloud,USD,administered_differentiated,0,2.99,1.0,,,,,
2026-09-21,seller,H100_SXM,civo,neocloud,USD,administered_differentiated,6,2.79,0.9331,0,2.79,6,0,
2026-09-21,seller,H100_SXM,civo,neocloud,USD,administered_differentiated,12,2.69,0.8997,6,2.59,6,0,
2026-09-21,seller,H100_SXM,civo,neocloud,USD,administered_differentiated,24,2.59,0.8662,12,2.49,12,1,
2026-09-21,seller,H100_SXM,civo,neocloud,USD,administered_differentiated,36,2.49,0.8328,24,2.29,12,1,
2026-09-21,seller,H200_SXM,civo,neocloud,USD,administered_differentiated,0,3.49,1.0,,,,,
2026-09-21,seller,H200_SXM,civo,neocloud,USD,administered_differentiated,6,3.29,0.9427,0,3.29,6,0,
2026-09-21,seller,H200_SXM,civo,neocloud,USD,administered_differentiated,12,3.19,0.914,6,3.09,6,0,
2026-09-21,seller,H200_SXM,civo,neocloud,USD,administered_differentiated,24,3.09,0.8854,12,2.99,12,1,
2026-09-21,seller,H200_SXM,civo,neocloud,USD,administered_differentiated,36,2.99,0.8567,24,2.79,12,1,
2026-09-21,seller,L40S,civo,neocloud,USD,administered_differentiated,0,1.29,1.0,,,,,
2026-09-21,seller,L40S,civo,neocloud,USD,administered_differentiated,6,1.19,0.9225,0,1.19,6,0,
2026-09-21,seller,L40S,civo,neocloud,USD,administered_differentiated,12,1.09,0.845,6,0.99,6,0,
2026-09-21,seller,L40S,civo,neocloud,USD,administered_differentiated,24,0.99,0.7674,12,0.89,12,1,
2026-09-21,seller,L40S,civo,neocloud,USD,administered_differentiated,36,0.89,0.6899,24,0.69,12,1,
2026-09-21,seller,B300_SXM,latitude,neocloud,USD,administered_uniform,0,16.0,1.0,,,,,
2026-09-21,seller,B300_SXM,latitude,neocloud,USD,administered_uniform,1,8.0,0.5,0,8.0,1,0,
2026-09-21,seller,B300_SXM,latitude,neocloud,USD,administered_uniform,12,5.6,0.35,1,5.3818,11,1,
2026-09-21,seller,H100_UNSPEC,latitude,neocloud,USD,administered_uniform,0,3.37,1.0,,,,,
2026-09-21,seller,H100_UNSPEC,latitude,neocloud,USD,administered_uniform,1,1.6849,0.5,0,1.6849,1,0,
2026-09-21,seller,H100_UNSPEC,latitude,neocloud,USD,administered_uniform,12,1.1795,0.35,1,1.1336,11,1,
2026-09-21,seller,RTX_PRO_6000,latitude,neocloud,USD,administered_uniform,0,6.25,1.0,,,,,
2026-09-21,seller,RTX_PRO_6000,latitude,neocloud,USD,administered_uniform,1,3.125,0.5,0,3.125,1,0,
2026-09-21,seller,RTX_PRO_6000,latitude,neocloud,USD,administered_uniform,12,2.1875,0.35,1,2.1023,11,1,
2026-09-21,seller,A100_UNSPEC,ovhcloud,neocloud,EUR,administered_differentiated,0,2.75,1.0,,,,,
2026-09-21,seller,A100_UNSPEC,ovhcloud,neocloud,EUR,administered_differentiated,1,1.5068,0.5479,0,1.5068,1,0,
2026-09-21,seller,H100_PCIE,ovhcloud,neocloud,EUR,administered_differentiated,0,2.8,1.0,,,,,
2026-09-21,seller,H100_PCIE,ovhcloud,neocloud,EUR,administered_differentiated,1,2.6575,0.9491,0,2.6575,1,0,
2026-09-21,seller,L4,ovhcloud,neocloud,EUR,administered_differentiated,0,0.75,1.0,,,,,
2026-09-21,seller,L4,ovhcloud,neocloud,EUR,administered_differentiated,1,0.7397,0.9863,0,0.7397,1,0,
2026-09-21,seller,L4,ovhcloud,neocloud,USD,administered_differentiated,0,1.0,1.0,,,,,
2026-09-21,seller,L4,ovhcloud,neocloud,USD,administered_differentiated,1,0.9863,0.9863,0,0.9863,1,0,
2026-09-21,seller,L40S,ovhcloud,neocloud,EUR,administered_differentiated,0,1.4,1.0,,,,,
2026-09-21,seller,L40S,ovhcloud,neocloud,EUR,administered_differentiated,1,1.3808,0.9863,0,1.3808,1,0,
2026-09-21,seller,L40S,ovhcloud,neocloud,USD,administered_differentiated,0,1.8,1.0,,,,,
2026-09-21,seller,L40S,ovhcloud,neocloud,USD,administered_differentiated,1,1.7753,0.9863,0,1.7753,1,0,
2026-09-21,seller,V100,ovhcloud,neocloud,EUR,administered_differentiated,0,0.7,1.0,,,,,
2026-09-21,seller,V100,ovhcloud,neocloud,EUR,administered_differentiated,1,0.6904,0.9863,0,0.6904,1,0,
2026-09-21,seller,V100S,ovhcloud,neocloud,EUR,administered_differentiated,0,0.8,1.0,,,,,
2026-09-21,seller,V100S,ovhcloud,neocloud,EUR,administered_differentiated,1,0.789,0.9862,0,0.789,1,0,
2026-09-21,seller,V100S,ovhcloud,neocloud,USD,administered_differentiated,0,0.88,1.0,,,,,
2026-09-21,seller,V100S,ovhcloud,neocloud,USD,administered_differentiated,1,0.8685,0.9869,0,0.8685,1,0,
2026-09-21,seller,H100_SXM,seeweb,neocloud,EUR,administered_untested,0,1.89,1.0,,,,,
2026-09-21,seller,H100_SXM,seeweb,neocloud,EUR,administered_untested,3,1.8,0.9524,0,1.8,3,0,
2026-09-21,seller,H100_SXM,seeweb,neocloud,EUR,administered_untested,6,1.7,0.8995,3,1.6,3,0,
2026-09-21,seller,H100_SXM,seeweb,neocloud,EUR,administered_untested,12,1.61,0.8519,6,1.52,6,0,
2026-09-22,seller,A100_PCIE,azure,hyperscaler,USD,administered_differentiated,0,4.775,1.0,,,,,
2026-09-22,seller,A100_PCIE,azure,hyperscaler,USD,administered_differentiated,12,3.1213,0.6537,0,3.1213,12,1,
2026-09-22,seller,A100_PCIE,azure,hyperscaler,USD,administered_differentiated,36,1.772,0.3711,12,1.0973,24,1,
2026-09-22,seller,A100_SXM,azure,hyperscaler,USD,administered_differentiated,0,5.1203,1.0,,,,,
2026-09-22,seller,A100_SXM,azure,hyperscaler,USD,administered_differentiated,12,3.277,0.64,0,3.277,12,1,
2026-09-22,seller,A100_SXM,azure,hyperscaler,USD,administered_differentiated,36,2.2529,0.44,12,1.7409,24,1,
2026-09-22,seller,H100_PCIE,azure,hyperscaler,USD,administered_differentiated,0,9.074,1.0,,,,,
2026-09-22,seller,H100_PCIE,azure,hyperscaler,USD,administered_differentiated,12,6.8055,0.75,0,6.8055,12,1,
2026-09-22,seller,H100_PCIE,azure,hyperscaler,USD,administered_differentiated,36,4.9907,0.55,12,4.0833,24,1,
2026-09-22,seller,H100_SXM,azure,hyperscaler,USD,administered_differentiated,0,14.3793,1.0,,,,,
2026-09-22,seller,H100_SXM,azure,hyperscaler,USD,administered_differentiated,12,9.2028,0.64,0,9.2028,12,1,
2026-09-22,seller,H100_SXM,azure,hyperscaler,USD,administered_differentiated,36,6.3125,0.439,12,4.8674,24,1,
2026-09-22,seller,H100_SXM,azure,hyperscaler,USD,administered_differentiated,60,5.7517,0.4,36,4.9105,24,1,
2026-09-22,seller,H200_SXM,azure,hyperscaler,USD,administered_differentiated,0,13.78,1.0,,,,,
2026-09-22,seller,H200_SXM,azure,hyperscaler,USD,administered_differentiated,12,7.5597,0.5486,0,7.5597,12,1,
2026-09-22,seller,H200_SXM,azure,hyperscaler,USD,administered_differentiated,36,6.8611,0.4979,12,6.5117,24,1,
2026-09-22,seller,A100_40GB,civo,neocloud,USD,administered_differentiated,0,1.09,1.0,,,,,
2026-09-22,seller,A100_40GB,civo,neocloud,USD,administered_differentiated,6,0.99,0.9083,0,0.99,6,0,
2026-09-22,seller,A100_40GB,civo,neocloud,USD,administered_differentiated,12,0.89,0.8165,6,0.79,6,0,
2026-09-22,seller,A100_40GB,civo,neocloud,USD,administered_differentiated,24,0.79,0.7248,12,0.69,12,1,
2026-09-22,seller,A100_40GB,civo,neocloud,USD,administered_differentiated,36,0.69,0.633,24,0.49,12,1,
2026-09-22,seller,A100_UNSPEC,civo,neocloud,USD,administered_differentiated,0,1.79,1.0,,,,,
2026-09-22,seller,A100_UNSPEC,civo,neocloud,USD,administered_differentiated,6,1.69,0.9441,0,1.69,6,0,
2026-09-22,seller,A100_UNSPEC,civo,neocloud,USD,administered_differentiated,12,1.59,0.8883,6,1.49,6,0,
2026-09-22,seller,A100_UNSPEC,civo,neocloud,USD,administered_differentiated,24,1.49,0.8324,12,1.39,12,1,
2026-09-22,seller,A100_UNSPEC,civo,neocloud,USD,administered_differentiated,36,1.39,0.7765,24,1.19,12,1,
2026-09-22,seller,B300_SXM,civo,neocloud,USD,administered_differentiated,0,7.49,1.0,,,,,
2026-09-22,seller,B300_SXM,civo,neocloud,USD,administered_differentiated,12,6.49,0.8665,0,6.49,12,1,
2026-09-22,seller,B300_SXM,civo,neocloud,USD,administered_differentiated,24,5.99,0.7997,12,5.49,12,1,
2026-09-22,seller,B300_SXM,civo,neocloud,USD,administered_differentiated,36,5.49,0.733,24,4.49,12,1,
2026-09-22,seller,H100_SXM,civo,neocloud,USD,administered_differentiated,0,2.99,1.0,,,,,
2026-09-22,seller,H100_SXM,civo,neocloud,USD,administered_differentiated,6,2.79,0.9331,0,2.79,6,0,
2026-09-22,seller,H100_SXM,civo,neocloud,USD,administered_differentiated,12,2.69,0.8997,6,2.59,6,0,
2026-09-22,seller,H100_SXM,civo,neocloud,USD,administered_differentiated,24,2.59,0.8662,12,2.49,12,1,
2026-09-22,seller,H100_SXM,civo,neocloud,USD,administered_differentiated,36,2.49,0.8328,24,2.29,12,1,
2026-09-22,seller,H200_SXM,civo,neocloud,USD,administered_differentiated,0,3.49,1.0,,,,,
2026-09-22,seller,H200_SXM,civo,neocloud,USD,administered_differentiated,6,3.29,0.9427,0,3.29,6,0,
2026-09-22,seller,H200_SXM,civo,neocloud,USD,administered_differentiated,12,3.19,0.914,6,3.09,6,0,
2026-09-22,seller,H200_SXM,civo,neocloud,USD,administered_differentiated,24,3.09,0.8854,12,2.99,12,1,
2026-09-22,seller,H200_SXM,civo,neocloud,USD,administered_differentiated,36,2.99,0.8567,24,2.79,12,1,
2026-09-22,seller,L40S,civo,neocloud,USD,administered_differentiated,0,1.29,1.0,,,,,
2026-09-22,seller,L40S,civo,neocloud,USD,administered_differentiated,6,1.19,0.9225,0,1.19,6,0,
2026-09-22,seller,L40S,civo,neocloud,USD,administered_differentiated,12,1.09,0.845,6,0.99,6,0,
2026-09-22,seller,L40S,civo,neocloud,USD,administered_differentiated,24,0.99,0.7674,12,0.89,12,1,
2026-09-22,seller,L40S,civo,neocloud,USD,administered_differentiated,36,0.89,0.6899,24,0.69,12,1,
2026-09-22,seller,A100_UNSPEC,ovhcloud,neocloud,EUR,administered_differentiated,0,2.75,1.0,,,,,
2026-09-22,seller,A100_UNSPEC,ovhcloud,neocloud,EUR,administered_differentiated,1,1.5068,0.5479,0,1.5068,1,0,
2026-09-22,seller,H100_PCIE,ovhcloud,neocloud,EUR,administered_differentiated,0,2.8,1.0,,,,,
2026-09-22,seller,H100_PCIE,ovhcloud,neocloud,EUR,administered_differentiated,1,2.6575,0.9491,0,2.6575,1,0,
2026-09-22,seller,L4,ovhcloud,neocloud,EUR,administered_differentiated,0,0.75,1.0,,,,,
2026-09-22,seller,L4,ovhcloud,neocloud,EUR,administered_differentiated,1,0.7397,0.9863,0,0.7397,1,0,
2026-09-22,seller,L4,ovhcloud,neocloud,USD,administered_differentiated,0,1.0,1.0,,,,,
2026-09-22,seller,L4,ovhcloud,neocloud,USD,administered_differentiated,1,0.9863,0.9863,0,0.9863,1,0,
2026-09-22,seller,L40S,ovhcloud,neocloud,EUR,administered_differentiated,0,1.4,1.0,,,,,
2026-09-22,seller,L40S,ovhcloud,neocloud,EUR,administered_differentiated,1,1.3808,0.9863,0,1.3808,1,0,
2026-09-22,seller,L40S,ovhcloud,neocloud,USD,administered_differentiated,0,1.8,1.0,,,,,
2026-09-22,seller,L40S,ovhcloud,neocloud,USD,administered_differentiated,1,1.7753,0.9863,0,1.7753,1,0,
2026-09-22,seller,V100,ovhcloud,neocloud,EUR,administered_differentiated,0,0.7,1.0,,,,,
2026-09-22,seller,V100,ovhcloud,neocloud,EUR,administered_differentiated,1,0.6904,0.9863,0,0.6904,1,0,
2026-09-22,seller,V100S,ovhcloud,neocloud,EUR,administered_differentiated,0,0.8,1.0,,,,,
2026-09-22,seller,V100S,ovhcloud,neocloud,EUR,administered_differentiated,1,0.789,0.9862,0,0.789,1,0,
2026-09-22,seller,V100S,ovhcloud,neocloud,USD,administered_differentiated,0,0.88,1.0,,,,,
2026-09-22,seller,V100S,ovhcloud,neocloud,USD,administered_differentiated,1,0.8685,0.9869,0,0.8685,1,0,
2026-09-22,seller,H100_SXM,seeweb,neocloud,EUR,administered_untested,0,1.89,1.0,,,,,
2026-09-22,seller,H100_SXM,seeweb,neocloud,EUR,administered_untested,3,1.8,0.9524,0,1.8,3,0,
2026-09-22,seller,H100_SXM,seeweb,neocloud,EUR,administered_untested,6,1.7,0.8995,3,1.6,3,0,
2026-09-22,seller,H100_SXM,seeweb,neocloud,EUR,administered_untested,12,1.61,0.8519,6,1.52,6,0,
2026-09-23,seller,A100_PCIE,azure,hyperscaler,USD,administered_differentiated,0,4.775,1.0,,,,,
2026-09-23,seller,A100_PCIE,azure,hyperscaler,USD,administered_differentiated,12,3.1213,0.6537,0,3.1213,12,1,
2026-09-23,seller,A100_PCIE,azure,hyperscaler,USD,administered_differentiated,36,1.772,0.3711,12,1.0973,24,1,
2026-09-23,seller,A100_SXM,azure,hyperscaler,USD,administered_differentiated,0,5.1203,1.0,,,,,
2026-09-23,seller,A100_SXM,azure,hyperscaler,USD,administered_differentiated,12,3.277,0.64,0,3.277,12,1,
2026-09-23,seller,A100_SXM,azure,hyperscaler,USD,administered_differentiated,36,2.2529,0.44,12,1.7409,24,1,
2026-09-23,seller,H100_PCIE,azure,hyperscaler,USD,administered_differentiated,0,9.074,1.0,,,,,
2026-09-23,seller,H100_PCIE,azure,hyperscaler,USD,administered_differentiated,12,6.8055,0.75,0,6.8055,12,1,
2026-09-23,seller,H100_PCIE,azure,hyperscaler,USD,administered_differentiated,36,4.9907,0.55,12,4.0833,24,1,
2026-09-23,seller,H100_SXM,azure,hyperscaler,USD,administered_differentiated,0,14.3793,1.0,,,,,
2026-09-23,seller,H100_SXM,azure,hyperscaler,USD,administered_differentiated,12,9.2028,0.64,0,9.2028,12,1,
2026-09-23,seller,H100_SXM,azure,hyperscaler,USD,administered_differentiated,36,6.3125,0.439,12,4.8674,24,1,
2026-09-23,seller,H100_SXM,azure,hyperscaler,USD,administered_differentiated,60,5.7517,0.4,36,4.9105,24,1,
2026-09-23,seller,H200_SXM,azure,hyperscaler,USD,administered_differentiated,0,13.78,1.0,,,,,
2026-09-23,seller,H200_SXM,azure,hyperscaler,USD,administered_differentiated,12,7.5597,0.5486,0,7.5597,12,1,
2026-09-23,seller,H200_SXM,azure,hyperscaler,USD,administered_differentiated,36,6.8611,0.4979,12,6.5117,24,1,
2026-09-23,seller,A100_40GB,civo,neocloud,USD,administered_differentiated,0,1.09,1.0,,,,,
2026-09-23,seller,A100_40GB,civo,neocloud,USD,administered_differentiated,6,0.99,0.9083,0,0.99,6,0,
2026-09-23,seller,A100_40GB,civo,neocloud,USD,administered_differentiated,12,0.89,0.8165,6,0.79,6,0,
2026-09-23,seller,A100_40GB,civo,neocloud,USD,administered_differentiated,24,0.79,0.7248,12,0.69,12,1,
2026-09-23,seller,A100_40GB,civo,neocloud,USD,administered_differentiated,36,0.69,0.633,24,0.49,12,1,
2026-09-23,seller,A100_UNSPEC,civo,neocloud,USD,administered_differentiated,0,1.79,1.0,,,,,
2026-09-23,seller,A100_UNSPEC,civo,neocloud,USD,administered_differentiated,6,1.69,0.9441,0,1.69,6,0,
2026-09-23,seller,A100_UNSPEC,civo,neocloud,USD,administered_differentiated,12,1.59,0.8883,6,1.49,6,0,
2026-09-23,seller,A100_UNSPEC,civo,neocloud,USD,administered_differentiated,24,1.49,0.8324,12,1.39,12,1,
2026-09-23,seller,A100_UNSPEC,civo,neocloud,USD,administered_differentiated,36,1.39,0.7765,24,1.19,12,1,
2026-09-23,seller,B300_SXM,civo,neocloud,USD,administered_differentiated,0,7.49,1.0,,,,,
2026-09-23,seller,B300_SXM,civo,neocloud,USD,administered_differentiated,12,6.49,0.8665,0,6.49,12,1,
2026-09-23,seller,B300_SXM,civo,neocloud,USD,administered_differentiated,24,5.99,0.7997,12,5.49,12,1,
2026-09-23,seller,B300_SXM,civo,neocloud,USD,administered_differentiated,36,5.49,0.733,24,4.49,12,1,
2026-09-23,seller,H100_SXM,civo,neocloud,USD,administered_differentiated,0,2.99,1.0,,,,,
2026-09-23,seller,H100_SXM,civo,neocloud,USD,administered_differentiated,6,2.79,0.9331,0,2.79,6,0,
2026-09-23,seller,H100_SXM,civo,neocloud,USD,administered_differentiated,12,2.69,0.8997,6,2.59,6,0,
2026-09-23,seller,H100_SXM,civo,neocloud,USD,administered_differentiated,24,2.59,0.8662,12,2.49,12,1,
2026-09-23,seller,H100_SXM,civo,neocloud,USD,administered_differentiated,36,2.49,0.8328,24,2.29,12,1,
2026-09-23,seller,H200_SXM,civo,neocloud,USD,administered_differentiated,0,3.49,1.0,,,,,
2026-09-23,seller,H200_SXM,civo,neocloud,USD,administered_differentiated,6,3.29,0.9427,0,3.29,6,0,
2026-09-23,seller,H200_SXM,civo,neocloud,USD,administered_differentiated,12,3.19,0.914,6,3.09,6,0,
2026-09-23,seller,H200_SXM,civo,neocloud,USD,administered_differentiated,24,3.09,0.8854,12,2.99,12,1,
2026-09-23,seller,H200_SXM,civo,neocloud,USD,administered_differentiated,36,2.99,0.8567,24,2.79,12,1,
2026-09-23,seller,L40S,civo,neocloud,USD,administered_differentiated,0,1.29,1.0,,,,,
2026-09-23,seller,L40S,civo,neocloud,USD,administered_differentiated,6,1.19,0.9225,0,1.19,6,0,
2026-09-23,seller,L40S,civo,neocloud,USD,administered_differentiated,12,1.09,0.845,6,0.99,6,0,
2026-09-23,seller,L40S,civo,neocloud,USD,administered_differentiated,24,0.99,0.7674,12,0.89,12,1,
2026-09-23,seller,L40S,civo,neocloud,USD,administered_differentiated,36,0.89,0.6899,24,0.69,12,1,
2026-09-23,seller,A100_UNSPEC,ovhcloud,neocloud,EUR,administered_differentiated,0,2.75,1.0,,,,,
2026-09-23,seller,A100_UNSPEC,ovhcloud,neocloud,EUR,administered_differentiated,1,1.5068,0.5479,0,1.5068,1,0,
2026-09-23,seller,H100_PCIE,ovhcloud,neocloud,EUR,administered_differentiated,0,2.8,1.0,,,,,
2026-09-23,seller,H100_PCIE,ovhcloud,neocloud,EUR,administered_differentiated,1,2.6575,0.9491,0,2.6575,1,0,
2026-09-23,seller,L4,ovhcloud,neocloud,EUR,administered_differentiated,0,0.75,1.0,,,,,
2026-09-23,seller,L4,ovhcloud,neocloud,EUR,administered_differentiated,1,0.7397,0.9863,0,0.7397,1,0,
2026-09-23,seller,L4,ovhcloud,neocloud,USD,administered_differentiated,0,1.0,1.0,,,,,
2026-09-23,seller,L4,ovhcloud,neocloud,USD,administered_differentiated,1,0.9863,0.9863,0,0.9863,1,0,
2026-09-23,seller,L40S,ovhcloud,neocloud,EUR,administered_differentiated,0,1.4,1.0,,,,,
2026-09-23,seller,L40S,ovhcloud,neocloud,EUR,administered_differentiated,1,1.3808,0.9863,0,1.3808,1,0,
2026-09-23,seller,L40S,ovhcloud,neocloud,USD,administered_differentiated,0,1.8,1.0,,,,,
2026-09-23,seller,L40S,ovhcloud,neocloud,USD,administered_differentiated,1,1.7753,0.9863,0,1.7753,1,0,
2026-09-23,seller,V100,ovhcloud,neocloud,EUR,administered_differentiated,0,0.7,1.0,,,,,
2026-09-23,seller,V100,ovhcloud,neocloud,EUR,administered_differentiated,1,0.6904,0.9863,0,0.6904,1,0,
2026-09-23,seller,V100S,ovhcloud,neocloud,EUR,administered_differentiated,0,0.8,1.0,,,,,
2026-09-23,seller,V100S,ovhcloud,neocloud,EUR,administered_differentiated,1,0.789,0.9862,0,0.789,1,0,
2026-09-23,seller,V100S,ovhcloud,neocloud,USD,administered_differentiated,0,0.88,1.0,,,,,
2026-09-23,seller,V100S,ovhcloud,neocloud,USD,administered_differentiated,1,0.8685,0.9869,0,0.8685,1,0,
2026-09-23,seller,H100_SXM,seeweb,neocloud,EUR,administered_untested,0,1.89,1.0,,,,,
2026-09-23,seller,H100_SXM,seeweb,neocloud,EUR,administered_untested,3,1.8,0.9524,0,1.8,3,0,
2026-09-23,seller,H100_SXM,seeweb,neocloud,EUR,administered_untested,6,1.7,0.8995,3,1.6,3,0,
2026-09-23,seller,H100_SXM,seeweb,neocloud,EUR,administered_untested,12,1.61,0.8519,6,1.52,6,0,
2026-09-24,seller,A100_PCIE,azure,hyperscaler,USD,administered_differentiated,0,4.775,1.0,,,,,
2026-09-24,seller,A100_PCIE,azure,hyperscaler,USD,administered_differentiated,12,3.1213,0.6537,0,3.1213,12,1,
2026-09-24,seller,A100_PCIE,azure,hyperscaler,USD,administered_differentiated,36,1.772,0.3711,12,1.0973,24,1,
2026-09-24,seller,A100_SXM,azure,hyperscaler,USD,administered_differentiated,0,5.1203,1.0,,,,,
2026-09-24,seller,A100_SXM,azure,hyperscaler,USD,administered_differentiated,12,3.277,0.64,0,3.277,12,1,
2026-09-24,seller,A100_SXM,azure,hyperscaler,USD,administered_differentiated,36,2.2529,0.44,12,1.7409,24,1,
2026-09-24,seller,H100_PCIE,azure,hyperscaler,USD,administered_differentiated,0,9.074,1.0,,,,,
2026-09-24,seller,H100_PCIE,azure,hyperscaler,USD,administered_differentiated,12,6.8055,0.75,0,6.8055,12,1,
2026-09-24,seller,H100_PCIE,azure,hyperscaler,USD,administered_differentiated,36,4.9907,0.55,12,4.0833,24,1,
2026-09-24,seller,H100_SXM,azure,hyperscaler,USD,administered_differentiated,0,14.3793,1.0,,,,,
2026-09-24,seller,H100_SXM,azure,hyperscaler,USD,administered_differentiated,12,9.2028,0.64,0,9.2028,12,1,
2026-09-24,seller,H100_SXM,azure,hyperscaler,USD,administered_differentiated,36,6.3125,0.439,12,4.8674,24,1,
2026-09-24,seller,H100_SXM,azure,hyperscaler,USD,administered_differentiated,60,5.7517,0.4,36,4.9105,24,1,
2026-09-24,seller,H200_SXM,azure,hyperscaler,USD,administered_differentiated,0,13.78,1.0,,,,,
2026-09-24,seller,H200_SXM,azure,hyperscaler,USD,administered_differentiated,12,7.5597,0.5486,0,7.5597,12,1,
2026-09-24,seller,H200_SXM,azure,hyperscaler,USD,administered_differentiated,36,6.8611,0.4979,12,6.5117,24,1,
2026-09-24,seller,A100_40GB,civo,neocloud,USD,administered_differentiated,0,1.09,1.0,,,,,
2026-09-24,seller,A100_40GB,civo,neocloud,USD,administered_differentiated,6,0.99,0.9083,0,0.99,6,0,
2026-09-24,seller,A100_40GB,civo,neocloud,USD,administered_differentiated,12,0.89,0.8165,6,0.79,6,0,
2026-09-24,seller,A100_40GB,civo,neocloud,USD,administered_differentiated,24,0.79,0.7248,12,0.69,12,1,
2026-09-24,seller,A100_40GB,civo,neocloud,USD,administered_differentiated,36,0.69,0.633,24,0.49,12,1,
2026-09-24,seller,A100_UNSPEC,civo,neocloud,USD,administered_differentiated,0,1.79,1.0,,,,,
2026-09-24,seller,A100_UNSPEC,civo,neocloud,USD,administered_differentiated,6,1.69,0.9441,0,1.69,6,0,
2026-09-24,seller,A100_UNSPEC,civo,neocloud,USD,administered_differentiated,12,1.59,0.8883,6,1.49,6,0,
2026-09-24,seller,A100_UNSPEC,civo,neocloud,USD,administered_differentiated,24,1.49,0.8324,12,1.39,12,1,
2026-09-24,seller,A100_UNSPEC,civo,neocloud,USD,administered_differentiated,36,1.39,0.7765,24,1.19,12,1,
2026-09-24,seller,B300_SXM,civo,neocloud,USD,administered_differentiated,0,7.49,1.0,,,,,
2026-09-24,seller,B300_SXM,civo,neocloud,USD,administered_differentiated,12,6.49,0.8665,0,6.49,12,1,
2026-09-24,seller,B300_SXM,civo,neocloud,USD,administered_differentiated,24,5.99,0.7997,12,5.49,12,1,
2026-09-24,seller,B300_SXM,civo,neocloud,USD,administered_differentiated,36,5.49,0.733,24,4.49,12,1,
2026-09-24,seller,H100_SXM,civo,neocloud,USD,administered_differentiated,0,2.99,1.0,,,,,
2026-09-24,seller,H100_SXM,civo,neocloud,USD,administered_differentiated,6,2.79,0.9331,0,2.79,6,0,
2026-09-24,seller,H100_SXM,civo,neocloud,USD,administered_differentiated,12,2.69,0.8997,6,2.59,6,0,
2026-09-24,seller,H100_SXM,civo,neocloud,USD,administered_differentiated,24,2.59,0.8662,12,2.49,12,1,
2026-09-24,seller,H100_SXM,civo,neocloud,USD,administered_differentiated,36,2.49,0.8328,24,2.29,12,1,
2026-09-24,seller,H200_SXM,civo,neocloud,USD,administered_differentiated,0,3.49,1.0,,,,,
2026-09-24,seller,H200_SXM,civo,neocloud,USD,administered_differentiated,6,3.29,0.9427,0,3.29,6,0,
2026-09-24,seller,H200_SXM,civo,neocloud,USD,administered_differentiated,12,3.19,0.914,6,3.09,6,0,
2026-09-24,seller,H200_SXM,civo,neocloud,USD,administered_differentiated,24,3.09,0.8854,12,2.99,12,1,
2026-09-24,seller,H200_SXM,civo,neocloud,USD,administered_differentiated,36,2.99,0.8567,24,2.79,12,1,
2026-09-24,seller,L40S,civo,neocloud,USD,administered_differentiated,0,1.29,1.0,,,,,
2026-09-24,seller,L40S,civo,neocloud,USD,administered_differentiated,6,1.19,0.9225,0,1.19,6,0,
2026-09-24,seller,L40S,civo,neocloud,USD,administered_differentiated,12,1.09,0.845,6,0.99,6,0,
2026-09-24,seller,L40S,civo,neocloud,USD,administered_differentiated,24,0.99,0.7674,12,0.89,12,1,
2026-09-24,seller,L40S,civo,neocloud,USD,administered_differentiated,36,0.89,0.6899,24,0.69,12,1,
2026-09-24,seller,A100_UNSPEC,ovhcloud,neocloud,EUR,administered_differentiated,0,2.75,1.0,,,,,
2026-09-24,seller,A100_UNSPEC,ovhcloud,neocloud,EUR,administered_differentiated,1,1.5068,0.5479,0,1.5068,1,0,
2026-09-24,seller,H100_PCIE,ovhcloud,neocloud,EUR,administered_differentiated,0,2.8,1.0,,,,,
2026-09-24,seller,H100_PCIE,ovhcloud,neocloud,EUR,administered_differentiated,1,2.6575,0.9491,0,2.6575,1,0,
2026-09-24,seller,L4,ovhcloud,neocloud,EUR,administered_differentiated,0,0.75,1.0,,,,,
2026-09-24,seller,L4,ovhcloud,neocloud,EUR,administered_differentiated,1,0.7397,0.9863,0,0.7397,1,0,
2026-09-24,seller,L4,ovhcloud,neocloud,USD,administered_differentiated,0,1.0,1.0,,,,,
2026-09-24,seller,L4,ovhcloud,neocloud,USD,administered_differentiated,1,0.9863,0.9863,0,0.9863,1,0,
2026-09-24,seller,L40S,ovhcloud,neocloud,EUR,administered_differentiated,0,1.4,1.0,,,,,
2026-09-24,seller,L40S,ovhcloud,neocloud,EUR,administered_differentiated,1,1.3808,0.9863,0,1.3808,1,0,
2026-09-24,seller,L40S,ovhcloud,neocloud,USD,administered_differentiated,0,1.8,1.0,,,,,
2026-09-24,seller,L40S,ovhcloud,neocloud,USD,administered_differentiated,1,1.7753,0.9863,0,1.7753,1,0,
2026-09-24,seller,V100,ovhcloud,neocloud,EUR,administered_differentiated,0,0.7,1.0,,,,,
2026-09-24,seller,V100,ovhcloud,neocloud,EUR,administered_differentiated,1,0.6904,0.9863,0,0.6904,1,0,
2026-09-24,seller,V100S,ovhcloud,neocloud,EUR,administered_differentiated,0,0.8,1.0,,,,,
2026-09-24,seller,V100S,ovhcloud,neocloud,EUR,administered_differentiated,1,0.789,0.9862,0,0.789,1,0,
2026-09-24,seller,V100S,ovhcloud,neocloud,USD,administered_differentiated,0,0.88,1.0,,,,,
2026-09-24,seller,V100S,ovhcloud,neocloud,USD,administered_differentiated,1,0.8685,0.9869,0,0.8685,1,0,
2026-09-24,seller,H100_SXM,seeweb,neocloud,EUR,administered_untested,0,1.89,1.0,,,,,
2026-09-24,seller,H100_SXM,seeweb,neocloud,EUR,administered_untested,3,1.8,0.9524,0,1.8,3,0,
2026-09-24,seller,H100_SXM,seeweb,neocloud,EUR,administered_untested,6,1.7,0.8995,3,1.6,3,0,
2026-09-24,seller,H100_SXM,seeweb,neocloud,EUR,administered_untested,12,1.61,0.8519,6,1.52,6,0,
2026-09-25,seller,A100_PCIE,azure,hyperscaler,USD,administered_differentiated,0,4.775,1.0,,,,,
2026-09-25,seller,A100_PCIE,azure,hyperscaler,USD,administered_differentiated,12,3.1213,0.6537,0,3.1213,12,1,
2026-09-25,seller,A100_PCIE,azure,hyperscaler,USD,administered_differentiated,36,1.772,0.3711,12,1.0973,24,1,
2026-09-25,seller,A100_SXM,azure,hyperscaler,USD,administered_differentiated,0,5.1203,1.0,,,,,
2026-09-25,seller,A100_SXM,azure,hyperscaler,USD,administered_differentiated,12,3.277,0.64,0,3.277,12,1,
2026-09-25,seller,A100_SXM,azure,hyperscaler,USD,administered_differentiated,36,2.2529,0.44,12,1.7409,24,1,
2026-09-25,seller,H100_PCIE,azure,hyperscaler,USD,administered_differentiated,0,9.074,1.0,,,,,
2026-09-25,seller,H100_PCIE,azure,hyperscaler,USD,administered_differentiated,12,6.8055,0.75,0,6.8055,12,1,
2026-09-25,seller,H100_PCIE,azure,hyperscaler,USD,administered_differentiated,36,4.9907,0.55,12,4.0833,24,1,
2026-09-25,seller,H100_SXM,azure,hyperscaler,USD,administered_differentiated,0,14.3793,1.0,,,,,
2026-09-25,seller,H100_SXM,azure,hyperscaler,USD,administered_differentiated,12,9.2028,0.64,0,9.2028,12,1,
2026-09-25,seller,H100_SXM,azure,hyperscaler,USD,administered_differentiated,36,6.3125,0.439,12,4.8674,24,1,
2026-09-25,seller,H100_SXM,azure,hyperscaler,USD,administered_differentiated,60,5.7517,0.4,36,4.9105,24,1,
2026-09-25,seller,H200_SXM,azure,hyperscaler,USD,administered_differentiated,0,13.78,1.0,,,,,
2026-09-25,seller,H200_SXM,azure,hyperscaler,USD,administered_differentiated,12,7.5597,0.5486,0,7.5597,12,1,
2026-09-25,seller,H200_SXM,azure,hyperscaler,USD,administered_differentiated,36,6.8611,0.4979,12,6.5117,24,1,
2026-09-25,seller,A100_40GB,civo,neocloud,USD,administered_differentiated,0,1.09,1.0,,,,,
2026-09-25,seller,A100_40GB,civo,neocloud,USD,administered_differentiated,6,0.99,0.9083,0,0.99,6,0,
2026-09-25,seller,A100_40GB,civo,neocloud,USD,administered_differentiated,12,0.89,0.8165,6,0.79,6,0,
2026-09-25,seller,A100_40GB,civo,neocloud,USD,administered_differentiated,24,0.79,0.7248,12,0.69,12,1,
2026-09-25,seller,A100_40GB,civo,neocloud,USD,administered_differentiated,36,0.69,0.633,24,0.49,12,1,
2026-09-25,seller,A100_UNSPEC,civo,neocloud,USD,administered_differentiated,0,1.79,1.0,,,,,
2026-09-25,seller,A100_UNSPEC,civo,neocloud,USD,administered_differentiated,6,1.69,0.9441,0,1.69,6,0,
2026-09-25,seller,A100_UNSPEC,civo,neocloud,USD,administered_differentiated,12,1.59,0.8883,6,1.49,6,0,
2026-09-25,seller,A100_UNSPEC,civo,neocloud,USD,administered_differentiated,24,1.49,0.8324,12,1.39,12,1,
2026-09-25,seller,A100_UNSPEC,civo,neocloud,USD,administered_differentiated,36,1.39,0.7765,24,1.19,12,1,
2026-09-25,seller,B300_SXM,civo,neocloud,USD,administered_differentiated,0,7.49,1.0,,,,,
2026-09-25,seller,B300_SXM,civo,neocloud,USD,administered_differentiated,12,6.49,0.8665,0,6.49,12,1,
2026-09-25,seller,B300_SXM,civo,neocloud,USD,administered_differentiated,24,5.99,0.7997,12,5.49,12,1,
2026-09-25,seller,B300_SXM,civo,neocloud,USD,administered_differentiated,36,5.49,0.733,24,4.49,12,1,
2026-09-25,seller,H100_SXM,civo,neocloud,USD,administered_differentiated,0,2.99,1.0,,,,,
2026-09-25,seller,H100_SXM,civo,neocloud,USD,administered_differentiated,6,2.79,0.9331,0,2.79,6,0,
2026-09-25,seller,H100_SXM,civo,neocloud,USD,administered_differentiated,12,2.69,0.8997,6,2.59,6,0,
2026-09-25,seller,H100_SXM,civo,neocloud,USD,administered_differentiated,24,2.59,0.8662,12,2.49,12,1,
2026-09-25,seller,H100_SXM,civo,neocloud,USD,administered_differentiated,36,2.49,0.8328,24,2.29,12,1,
2026-09-25,seller,H200_SXM,civo,neocloud,USD,administered_differentiated,0,3.49,1.0,,,,,
2026-09-25,seller,H200_SXM,civo,neocloud,USD,administered_differentiated,6,3.29,0.9427,0,3.29,6,0,
2026-09-25,seller,H200_SXM,civo,neocloud,USD,administered_differentiated,12,3.19,0.914,6,3.09,6,0,
2026-09-25,seller,H200_SXM,civo,neocloud,USD,administered_differentiated,24,3.09,0.8854,12,2.99,12,1,
2026-09-25,seller,H200_SXM,civo,neocloud,USD,administered_differentiated,36,2.99,0.8567,24,2.79,12,1,
2026-09-25,seller,L40S,civo,neocloud,USD,administered_differentiated,0,1.29,1.0,,,,,
2026-09-25,seller,L40S,civo,neocloud,USD,administered_differentiated,6,1.19,0.9225,0,1.19,6,0,
2026-09-25,seller,L40S,civo,neocloud,USD,administered_differentiated,12,1.09,0.845,6,0.99,6,0,
2026-09-25,seller,L40S,civo,neocloud,USD,administered_differentiated,24,0.99,0.7674,12,0.89,12,1,
2026-09-25,seller,L40S,civo,neocloud,USD,administered_differentiated,36,0.89,0.6899,24,0.69,12,1,
2026-09-25,seller,B300_SXM,latitude,neocloud,USD,administered_uniform,0,16.0,1.0,,,,,
2026-09-25,seller,B300_SXM,latitude,neocloud,USD,administered_uniform,1,8.0,0.5,0,8.0,1,0,
2026-09-25,seller,B300_SXM,latitude,neocloud,USD,administered_uniform,12,5.6,0.35,1,5.3818,11,1,
2026-09-25,seller,H100_UNSPEC,latitude,neocloud,USD,administered_uniform,0,3.37,1.0,,,,,
2026-09-25,seller,H100_UNSPEC,latitude,neocloud,USD,administered_uniform,1,1.6849,0.5,0,1.6849,1,0,
2026-09-25,seller,H100_UNSPEC,latitude,neocloud,USD,administered_uniform,12,1.1795,0.35,1,1.1336,11,1,
2026-09-25,seller,RTX_PRO_6000,latitude,neocloud,USD,administered_uniform,0,6.25,1.0,,,,,
2026-09-25,seller,RTX_PRO_6000,latitude,neocloud,USD,administered_uniform,1,3.125,0.5,0,3.125,1,0,
2026-09-25,seller,RTX_PRO_6000,latitude,neocloud,USD,administered_uniform,12,2.1875,0.35,1,2.1023,11,1,
2026-09-25,seller,A100_UNSPEC,ovhcloud,neocloud,EUR,administered_differentiated,0,2.75,1.0,,,,,
2026-09-25,seller,A100_UNSPEC,ovhcloud,neocloud,EUR,administered_differentiated,1,1.5068,0.5479,0,1.5068,1,0,
2026-09-25,seller,H100_PCIE,ovhcloud,neocloud,EUR,administered_differentiated,0,2.8,1.0,,,,,
2026-09-25,seller,H100_PCIE,ovhcloud,neocloud,EUR,administered_differentiated,1,2.6575,0.9491,0,2.6575,1,0,
2026-09-25,seller,L4,ovhcloud,neocloud,EUR,administered_differentiated,0,0.75,1.0,,,,,
2026-09-25,seller,L4,ovhcloud,neocloud,EUR,administered_differentiated,1,0.7397,0.9863,0,0.7397,1,0,
2026-09-25,seller,L4,ovhcloud,neocloud,USD,administered_differentiated,0,1.0,1.0,,,,,
2026-09-25,seller,L4,ovhcloud,neocloud,USD,administered_differentiated,1,0.9863,0.9863,0,0.9863,1,0,
2026-09-25,seller,L40S,ovhcloud,neocloud,EUR,administered_differentiated,0,1.4,1.0,,,,,
2026-09-25,seller,L40S,ovhcloud,neocloud,EUR,administered_differentiated,1,1.3808,0.9863,0,1.3808,1,0,
2026-09-25,seller,L40S,ovhcloud,neocloud,USD,administered_differentiated,0,1.8,1.0,,,,,
2026-09-25,seller,L40S,ovhcloud,neocloud,USD,administered_differentiated,1,1.7753,0.9863,0,1.7753,1,0,
2026-09-25,seller,V100,ovhcloud,neocloud,EUR,administered_differentiated,0,0.7,1.0,,,,,
2026-09-25,seller,V100,ovhcloud,neocloud,EUR,administered_differentiated,1,0.6904,0.9863,0,0.6904,1,0,
2026-09-25,seller,V100S,ovhcloud,neocloud,EUR,administered_differentiated,0,0.8,1.0,,,,,
2026-09-25,seller,V100S,ovhcloud,neocloud,EUR,administered_differentiated,1,0.789,0.9862,0,0.789,1,0,
2026-09-25,seller,V100S,ovhcloud,neocloud,USD,administered_differentiated,0,0.88,1.0,,,,,
2026-09-25,seller,V100S,ovhcloud,neocloud,USD,administered_differentiated,1,0.8685,0.9869,0,0.8685,1,0,
2026-09-25,seller,H100_SXM,seeweb,neocloud,EUR,administered_untested,0,1.89,1.0,,,,,
2026-09-25,seller,H100_SXM,seeweb,neocloud,EUR,administered_untested,3,1.8,0.9524,0,1.8,3,0,
2026-09-25,seller,H100_SXM,seeweb,neocloud,EUR,administered_untested,6,1.7,0.8995,3,1.6,3,0,
2026-09-25,seller,H100_SXM,seeweb,neocloud,EUR,administered_untested,12,1.61,0.8519,6,1.52,6,0,
2026-09-26,seller,A100_PCIE,azure,hyperscaler,USD,administered_differentiated,0,4.775,1.0,,,,,
2026-09-26,seller,A100_PCIE,azure,hyperscaler,USD,administered_differentiated,12,3.1213,0.6537,0,3.1213,12,1,
2026-09-26,seller,A100_PCIE,azure,hyperscaler,USD,administered_differentiated,36,1.772,0.3711,12,1.0973,24,1,
2026-09-26,seller,A100_SXM,azure,hyperscaler,USD,administered_differentiated,0,5.1203,1.0,,,,,
2026-09-26,seller,A100_SXM,azure,hyperscaler,USD,administered_differentiated,12,3.277,0.64,0,3.277,12,1,
2026-09-26,seller,A100_SXM,azure,hyperscaler,USD,administered_differentiated,36,2.2529,0.44,12,1.7409,24,1,
2026-09-26,seller,H100_PCIE,azure,hyperscaler,USD,administered_differentiated,0,9.074,1.0,,,,,
2026-09-26,seller,H100_PCIE,azure,hyperscaler,USD,administered_differentiated,12,6.8055,0.75,0,6.8055,12,1,
2026-09-26,seller,H100_PCIE,azure,hyperscaler,USD,administered_differentiated,36,4.9907,0.55,12,4.0833,24,1,
2026-09-26,seller,H100_SXM,azure,hyperscaler,USD,administered_differentiated,0,14.3793,1.0,,,,,
2026-09-26,seller,H100_SXM,azure,hyperscaler,USD,administered_differentiated,12,9.2028,0.64,0,9.2028,12,1,
2026-09-26,seller,H100_SXM,azure,hyperscaler,USD,administered_differentiated,36,6.3125,0.439,12,4.8674,24,1,
2026-09-26,seller,H100_SXM,azure,hyperscaler,USD,administered_differentiated,60,5.7517,0.4,36,4.9105,24,1,
2026-09-26,seller,H200_SXM,azure,hyperscaler,USD,administered_differentiated,0,13.78,1.0,,,,,
2026-09-26,seller,H200_SXM,azure,hyperscaler,USD,administered_differentiated,12,7.5597,0.5486,0,7.5597,12,1,
2026-09-26,seller,H200_SXM,azure,hyperscaler,USD,administered_differentiated,36,6.8611,0.4979,12,6.5117,24,1,
2026-09-26,seller,A100_40GB,civo,neocloud,USD,administered_differentiated,0,1.09,1.0,,,,,
2026-09-26,seller,A100_40GB,civo,neocloud,USD,administered_differentiated,6,0.99,0.9083,0,0.99,6,0,
2026-09-26,seller,A100_40GB,civo,neocloud,USD,administered_differentiated,12,0.89,0.8165,6,0.79,6,0,
2026-09-26,seller,A100_40GB,civo,neocloud,USD,administered_differentiated,24,0.79,0.7248,12,0.69,12,1,
2026-09-26,seller,A100_40GB,civo,neocloud,USD,administered_differentiated,36,0.69,0.633,24,0.49,12,1,
2026-09-26,seller,A100_UNSPEC,civo,neocloud,USD,administered_differentiated,0,1.79,1.0,,,,,
2026-09-26,seller,A100_UNSPEC,civo,neocloud,USD,administered_differentiated,6,1.69,0.9441,0,1.69,6,0,
2026-09-26,seller,A100_UNSPEC,civo,neocloud,USD,administered_differentiated,12,1.59,0.8883,6,1.49,6,0,
2026-09-26,seller,A100_UNSPEC,civo,neocloud,USD,administered_differentiated,24,1.49,0.8324,12,1.39,12,1,
2026-09-26,seller,A100_UNSPEC,civo,neocloud,USD,administered_differentiated,36,1.39,0.7765,24,1.19,12,1,
2026-09-26,seller,B300_SXM,civo,neocloud,USD,administered_differentiated,0,7.49,1.0,,,,,
2026-09-26,seller,B300_SXM,civo,neocloud,USD,administered_differentiated,12,6.49,0.8665,0,6.49,12,1,
2026-09-26,seller,B300_SXM,civo,neocloud,USD,administered_differentiated,24,5.99,0.7997,12,5.49,12,1,
2026-09-26,seller,B300_SXM,civo,neocloud,USD,administered_differentiated,36,5.49,0.733,24,4.49,12,1,
2026-09-26,seller,H100_SXM,civo,neocloud,USD,administered_differentiated,0,2.99,1.0,,,,,
2026-09-26,seller,H100_SXM,civo,neocloud,USD,administered_differentiated,6,2.79,0.9331,0,2.79,6,0,
2026-09-26,seller,H100_SXM,civo,neocloud,USD,administered_differentiated,12,2.69,0.8997,6,2.59,6,0,
2026-09-26,seller,H100_SXM,civo,neocloud,USD,administered_differentiated,24,2.59,0.8662,12,2.49,12,1,
2026-09-26,seller,H100_SXM,civo,neocloud,USD,administered_differentiated,36,2.49,0.8328,24,2.29,12,1,
2026-09-26,seller,H200_SXM,civo,neocloud,USD,administered_differentiated,0,3.49,1.0,,,,,
2026-09-26,seller,H200_SXM,civo,neocloud,USD,administered_differentiated,6,3.29,0.9427,0,3.29,6,0,
2026-09-26,seller,H200_SXM,civo,neocloud,USD,administered_differentiated,12,3.19,0.914,6,3.09,6,0,
2026-09-26,seller,H200_SXM,civo,neocloud,USD,administered_differentiated,24,3.09,0.8854,12,2.99,12,1,
2026-09-26,seller,H200_SXM,civo,neocloud,USD,administered_differentiated,36,2.99,0.8567,24,2.79,12,1,
2026-09-26,seller,L40S,civo,neocloud,USD,administered_differentiated,0,1.29,1.0,,,,,
2026-09-26,seller,L40S,civo,neocloud,USD,administered_differentiated,6,1.19,0.9225,0,1.19,6,0,
2026-09-26,seller,L40S,civo,neocloud,USD,administered_differentiated,12,1.09,0.845,6,0.99,6,0,
2026-09-26,seller,L40S,civo,neocloud,USD,administered_differentiated,24,0.99,0.7674,12,0.89,12,1,
2026-09-26,seller,L40S,civo,neocloud,USD,administered_differentiated,36,0.89,0.6899,24,0.69,12,1,
2026-09-26,seller,B300_SXM,latitude,neocloud,USD,administered_uniform,0,16.0,1.0,,,,,
2026-09-26,seller,B300_SXM,latitude,neocloud,USD,administered_uniform,1,8.0,0.5,0,8.0,1,0,
2026-09-26,seller,B300_SXM,latitude,neocloud,USD,administered_uniform,12,5.6,0.35,1,5.3818,11,1,
2026-09-26,seller,H100_UNSPEC,latitude,neocloud,USD,administered_uniform,0,3.37,1.0,,,,,
2026-09-26,seller,H100_UNSPEC,latitude,neocloud,USD,administered_uniform,1,1.6849,0.5,0,1.6849,1,0,
2026-09-26,seller,H100_UNSPEC,latitude,neocloud,USD,administered_uniform,12,1.1795,0.35,1,1.1336,11,1,
2026-09-26,seller,RTX_PRO_6000,latitude,neocloud,USD,administered_uniform,0,6.25,1.0,,,,,
2026-09-26,seller,RTX_PRO_6000,latitude,neocloud,USD,administered_uniform,1,3.125,0.5,0,3.125,1,0,
2026-09-26,seller,RTX_PRO_6000,latitude,neocloud,USD,administered_uniform,12,2.1875,0.35,1,2.1023,11,1,
2026-09-26,seller,A100_UNSPEC,ovhcloud,neocloud,EUR,administered_differentiated,0,2.75,1.0,,,,,
2026-09-26,seller,A100_UNSPEC,ovhcloud,neocloud,EUR,administered_differentiated,1,1.5068,0.5479,0,1.5068,1,0,
2026-09-26,seller,H100_PCIE,ovhcloud,neocloud,EUR,administered_differentiated,0,2.8,1.0,,,,,
2026-09-26,seller,H100_PCIE,ovhcloud,neocloud,EUR,administered_differentiated,1,2.6575,0.9491,0,2.6575,1,0,
2026-09-26,seller,L4,ovhcloud,neocloud,EUR,administered_differentiated,0,0.75,1.0,,,,,
2026-09-26,seller,L4,ovhcloud,neocloud,EUR,administered_differentiated,1,0.7397,0.9863,0,0.7397,1,0,
2026-09-26,seller,L4,ovhcloud,neocloud,USD,administered_differentiated,0,1.0,1.0,,,,,
2026-09-26,seller,L4,ovhcloud,neocloud,USD,administered_differentiated,1,0.9863,0.9863,0,0.9863,1,0,
2026-09-26,seller,L40S,ovhcloud,neocloud,EUR,administered_differentiated,0,1.4,1.0,,,,,
2026-09-26,seller,L40S,ovhcloud,neocloud,EUR,administered_differentiated,1,1.3808,0.9863,0,1.3808,1,0,
2026-09-26,seller,L40S,ovhcloud,neocloud,USD,administered_differentiated,0,1.8,1.0,,,,,
2026-09-26,seller,L40S,ovhcloud,neocloud,USD,administered_differentiated,1,1.7753,0.9863,0,1.7753,1,0,
2026-09-26,seller,V100,ovhcloud,neocloud,EUR,administered_differentiated,0,0.7,1.0,,,,,
2026-09-26,seller,V100,ovhcloud,neocloud,EUR,administered_differentiated,1,0.6904,0.9863,0,0.6904,1,0,
2026-09-26,seller,V100S,ovhcloud,neocloud,EUR,administered_differentiated,0,0.8,1.0,,,,,
2026-09-26,seller,V100S,ovhcloud,neocloud,EUR,administered_differentiated,1,0.789,0.9862,0,0.789,1,0,
2026-09-26,seller,V100S,ovhcloud,neocloud,USD,administered_differentiated,0,0.88,1.0,,,,,
2026-09-26,seller,V100S,ovhcloud,neocloud,USD,administered_differentiated,1,0.8685,0.9869,0,0.8685,1,0,
2026-09-26,seller,H100_SXM,seeweb,neocloud,EUR,administered_untested,0,1.89,1.0,,,,,
2026-09-26,seller,H100_SXM,seeweb,neocloud,EUR,administered_untested,3,1.8,0.9524,0,1.8,3,0,
2026-09-26,seller,H100_SXM,seeweb,neocloud,EUR,administered_untested,6,1.7,0.8995,3,1.6,3,0,
2026-09-26,seller,H100_SXM,seeweb,neocloud,EUR,administered_untested,12,1.61,0.8519,6,1.52,6,0,
2026-09-27,seller,A100_PCIE,azure,hyperscaler,USD,administered_differentiated,0,4.775,1.0,,,,,
2026-09-27,seller,A100_PCIE,azure,hyperscaler,USD,administered_differentiated,12,3.1213,0.6537,0,3.1213,12,1,
2026-09-27,seller,A100_PCIE,azure,hyperscaler,USD,administered_differentiated,36,1.772,0.3711,12,1.0973,24,1,
2026-09-27,seller,A100_SXM,azure,hyperscaler,USD,administered_differentiated,0,5.1203,1.0,,,,,
2026-09-27,seller,A100_SXM,azure,hyperscaler,USD,administered_differentiated,12,3.277,0.64,0,3.277,12,1,
2026-09-27,seller,A100_SXM,azure,hyperscaler,USD,administered_differentiated,36,2.2529,0.44,12,1.7409,24,1,
2026-09-27,seller,H100_PCIE,azure,hyperscaler,USD,administered_differentiated,0,9.074,1.0,,,,,
2026-09-27,seller,H100_PCIE,azure,hyperscaler,USD,administered_differentiated,12,6.8055,0.75,0,6.8055,12,1,
2026-09-27,seller,H100_PCIE,azure,hyperscaler,USD,administered_differentiated,36,4.9907,0.55,12,4.0833,24,1,
2026-09-27,seller,H100_SXM,azure,hyperscaler,USD,administered_differentiated,0,14.3793,1.0,,,,,
2026-09-27,seller,H100_SXM,azure,hyperscaler,USD,administered_differentiated,12,9.2028,0.64,0,9.2028,12,1,
2026-09-27,seller,H100_SXM,azure,hyperscaler,USD,administered_differentiated,36,6.3125,0.439,12,4.8674,24,1,
2026-09-27,seller,H100_SXM,azure,hyperscaler,USD,administered_differentiated,60,5.7517,0.4,36,4.9105,24,1,
2026-09-27,seller,H200_SXM,azure,hyperscaler,USD,administered_differentiated,0,13.78,1.0,,,,,
2026-09-27,seller,H200_SXM,azure,hyperscaler,USD,administered_differentiated,12,7.5597,0.5486,0,7.5597,12,1,
2026-09-27,seller,H200_SXM,azure,hyperscaler,USD,administered_differentiated,36,6.8611,0.4979,12,6.5117,24,1,
2026-09-27,seller,A100_40GB,civo,neocloud,USD,administered_differentiated,0,1.09,1.0,,,,,
2026-09-27,seller,A100_40GB,civo,neocloud,USD,administered_differentiated,6,0.99,0.9083,0,0.99,6,0,
2026-09-27,seller,A100_40GB,civo,neocloud,USD,administered_differentiated,12,0.89,0.8165,6,0.79,6,0,
2026-09-27,seller,A100_40GB,civo,neocloud,USD,administered_differentiated,24,0.79,0.7248,12,0.69,12,1,
2026-09-27,seller,A100_40GB,civo,neocloud,USD,administered_differentiated,36,0.69,0.633,24,0.49,12,1,
2026-09-27,seller,A100_UNSPEC,civo,neocloud,USD,administered_differentiated,0,1.79,1.0,,,,,
2026-09-27,seller,A100_UNSPEC,civo,neocloud,USD,administered_differentiated,6,1.69,0.9441,0,1.69,6,0,
2026-09-27,seller,A100_UNSPEC,civo,neocloud,USD,administered_differentiated,12,1.59,0.8883,6,1.49,6,0,
2026-09-27,seller,A100_UNSPEC,civo,neocloud,USD,administered_differentiated,24,1.49,0.8324,12,1.39,12,1,
2026-09-27,seller,A100_UNSPEC,civo,neocloud,USD,administered_differentiated,36,1.39,0.7765,24,1.19,12,1,
2026-09-27,seller,B300_SXM,civo,neocloud,USD,administered_differentiated,0,7.49,1.0,,,,,
2026-09-27,seller,B300_SXM,civo,neocloud,USD,administered_differentiated,12,6.49,0.8665,0,6.49,12,1,
2026-09-27,seller,B300_SXM,civo,neocloud,USD,administered_differentiated,24,5.99,0.7997,12,5.49,12,1,
2026-09-27,seller,B300_SXM,civo,neocloud,USD,administered_differentiated,36,5.49,0.733,24,4.49,12,1,
2026-09-27,seller,H100_SXM,civo,neocloud,USD,administered_differentiated,0,2.99,1.0,,,,,
2026-09-27,seller,H100_SXM,civo,neocloud,USD,administered_differentiated,6,2.79,0.9331,0,2.79,6,0,
2026-09-27,seller,H100_SXM,civo,neocloud,USD,administered_differentiated,12,2.69,0.8997,6,2.59,6,0,
2026-09-27,seller,H100_SXM,civo,neocloud,USD,administered_differentiated,24,2.59,0.8662,12,2.49,12,1,
2026-09-27,seller,H100_SXM,civo,neocloud,USD,administered_differentiated,36,2.49,0.8328,24,2.29,12,1,
2026-09-27,seller,H200_SXM,civo,neocloud,USD,administered_differentiated,0,3.49,1.0,,,,,
2026-09-27,seller,H200_SXM,civo,neocloud,USD,administered_differentiated,6,3.29,0.9427,0,3.29,6,0,
2026-09-27,seller,H200_SXM,civo,neocloud,USD,administered_differentiated,12,3.19,0.914,6,3.09,6,0,
2026-09-27,seller,H200_SXM,civo,neocloud,USD,administered_differentiated,24,3.09,0.8854,12,2.99,12,1,
2026-09-27,seller,H200_SXM,civo,neocloud,USD,administered_differentiated,36,2.99,0.8567,24,2.79,12,1,
2026-09-27,seller,L40S,civo,neocloud,USD,administered_differentiated,0,1.29,1.0,,,,,
2026-09-27,seller,L40S,civo,neocloud,USD,administered_differentiated,6,1.19,0.9225,0,1.19,6,0,
2026-09-27,seller,L40S,civo,neocloud,USD,administered_differentiated,12,1.09,0.845,6,0.99,6,0,
2026-09-27,seller,L40S,civo,neocloud,USD,administered_differentiated,24,0.99,0.7674,12,0.89,12,1,
2026-09-27,seller,L40S,civo,neocloud,USD,administered_differentiated,36,0.89,0.6899,24,0.69,12,1,
2026-09-27,seller,B300_SXM,latitude,neocloud,USD,administered_uniform,0,16.0,1.0,,,,,
2026-09-27,seller,B300_SXM,latitude,neocloud,USD,administered_uniform,1,8.0,0.5,0,8.0,1,0,
2026-09-27,seller,B300_SXM,latitude,neocloud,USD,administered_uniform,12,5.6,0.35,1,5.3818,11,1,
2026-09-27,seller,H100_UNSPEC,latitude,neocloud,USD,administered_uniform,0,3.37,1.0,,,,,
2026-09-27,seller,H100_UNSPEC,latitude,neocloud,USD,administered_uniform,1,1.6849,0.5,0,1.6849,1,0,
2026-09-27,seller,H100_UNSPEC,latitude,neocloud,USD,administered_uniform,12,1.1795,0.35,1,1.1336,11,1,
2026-09-27,seller,RTX_PRO_6000,latitude,neocloud,USD,administered_uniform,0,6.25,1.0,,,,,
2026-09-27,seller,RTX_PRO_6000,latitude,neocloud,USD,administered_uniform,1,3.125,0.5,0,3.125,1,0,
2026-09-27,seller,RTX_PRO_6000,latitude,neocloud,USD,administered_uniform,12,2.1875,0.35,1,2.1023,11,1,
2026-09-27,seller,A100_UNSPEC,ovhcloud,neocloud,EUR,administered_differentiated,0,2.75,1.0,,,,,
2026-09-27,seller,A100_UNSPEC,ovhcloud,neocloud,EUR,administered_differentiated,1,1.5068,0.5479,0,1.5068,1,0,
2026-09-27,seller,H100_PCIE,ovhcloud,neocloud,EUR,administered_differentiated,0,2.8,1.0,,,,,
2026-09-27,seller,H100_PCIE,ovhcloud,neocloud,EUR,administered_differentiated,1,2.6575,0.9491,0,2.6575,1,0,
2026-09-27,seller,L4,ovhcloud,neocloud,EUR,administered_differentiated,0,0.75,1.0,,,,,
2026-09-27,seller,L4,ovhcloud,neocloud,EUR,administered_differentiated,1,0.7397,0.9863,0,0.7397,1,0,
2026-09-27,seller,L4,ovhcloud,neocloud,USD,administered_differentiated,0,1.0,1.0,,,,,
2026-09-27,seller,L4,ovhcloud,neocloud,USD,administered_differentiated,1,0.9863,0.9863,0,0.9863,1,0,
2026-09-27,seller,L40S,ovhcloud,neocloud,EUR,administered_differentiated,0,1.4,1.0,,,,,
2026-09-27,seller,L40S,ovhcloud,neocloud,EUR,administered_differentiated,1,1.3808,0.9863,0,1.3808,1,0,
2026-09-27,seller,L40S,ovhcloud,neocloud,USD,administered_differentiated,0,1.8,1.0,,,,,
2026-09-27,seller,L40S,ovhcloud,neocloud,USD,administered_differentiated,1,1.7753,0.9863,0,1.7753,1,0,
2026-09-27,seller,V100,ovhcloud,neocloud,EUR,administered_differentiated,0,0.7,1.0,,,,,
2026-09-27,seller,V100,ovhcloud,neocloud,EUR,administered_differentiated,1,0.6904,0.9863,0,0.6904,1,0,
2026-09-27,seller,V100S,ovhcloud,neocloud,EUR,administered_differentiated,0,0.8,1.0,,,,,
2026-09-27,seller,V100S,ovhcloud,neocloud,EUR,administered_differentiated,1,0.789,0.9862,0,0.789,1,0,
2026-09-27,seller,V100S,ovhcloud,neocloud,USD,administered_differentiated,0,0.88,1.0,,,,,
2026-09-27,seller,V100S,ovhcloud,neocloud,USD,administered_differentiated,1,0.8685,0.9869,0,0.8685,1,0,
2026-09-27,seller,H100_SXM,seeweb,neocloud,EUR,administered_untested,0,1.89,1.0,,,,,
2026-09-27,seller,H100_SXM,seeweb,neocloud,EUR,administered_untested,3,1.8,0.9524,0,1.8,3,0,
2026-09-27,seller,H100_SXM,seeweb,neocloud,EUR,administered_untested,6,1.7,0.8995,3,1.6,3,0,
2026-09-27,seller,H100_SXM,seeweb,neocloud,EUR,administered_untested,12,1.61,0.8519,6,1.52,6,0,
2026-09-28,seller,A100_PCIE,azure,hyperscaler,USD,administered_differentiated,0,4.775,1.0,,,,,
2026-09-28,seller,A100_PCIE,azure,hyperscaler,USD,administered_differentiated,12,3.1213,0.6537,0,3.1213,12,1,
2026-09-28,seller,A100_PCIE,azure,hyperscaler,USD,administered_differentiated,36,1.772,0.3711,12,1.0973,24,1,
2026-09-28,seller,A100_SXM,azure,hyperscaler,USD,administered_differentiated,0,5.1203,1.0,,,,,
2026-09-28,seller,A100_SXM,azure,hyperscaler,USD,administered_differentiated,12,3.277,0.64,0,3.277,12,1,
2026-09-28,seller,A100_SXM,azure,hyperscaler,USD,administered_differentiated,36,2.2529,0.44,12,1.7409,24,1,
2026-09-28,seller,H100_PCIE,azure,hyperscaler,USD,administered_differentiated,0,9.074,1.0,,,,,
2026-09-28,seller,H100_PCIE,azure,hyperscaler,USD,administered_differentiated,12,6.8055,0.75,0,6.8055,12,1,
2026-09-28,seller,H100_PCIE,azure,hyperscaler,USD,administered_differentiated,36,4.9907,0.55,12,4.0833,24,1,
2026-09-28,seller,H100_SXM,azure,hyperscaler,USD,administered_differentiated,0,14.3793,1.0,,,,,
2026-09-28,seller,H100_SXM,azure,hyperscaler,USD,administered_differentiated,12,9.2028,0.64,0,9.2028,12,1,
2026-09-28,seller,H100_SXM,azure,hyperscaler,USD,administered_differentiated,36,6.3125,0.439,12,4.8674,24,1,
2026-09-28,seller,H100_SXM,azure,hyperscaler,USD,administered_differentiated,60,5.7517,0.4,36,4.9105,24,1,
2026-09-28,seller,H200_SXM,azure,hyperscaler,USD,administered_differentiated,0,13.78,1.0,,,,,
2026-09-28,seller,H200_SXM,azure,hyperscaler,USD,administered_differentiated,12,7.5597,0.5486,0,7.5597,12,1,
2026-09-28,seller,H200_SXM,azure,hyperscaler,USD,administered_differentiated,36,6.8611,0.4979,12,6.5117,24,1,
2026-09-28,seller,A100_40GB,civo,neocloud,USD,administered_differentiated,0,1.09,1.0,,,,,
2026-09-28,seller,A100_40GB,civo,neocloud,USD,administered_differentiated,6,0.99,0.9083,0,0.99,6,0,
2026-09-28,seller,A100_40GB,civo,neocloud,USD,administered_differentiated,12,0.89,0.8165,6,0.79,6,0,
2026-09-28,seller,A100_40GB,civo,neocloud,USD,administered_differentiated,24,0.79,0.7248,12,0.69,12,1,
2026-09-28,seller,A100_40GB,civo,neocloud,USD,administered_differentiated,36,0.69,0.633,24,0.49,12,1,
2026-09-28,seller,A100_UNSPEC,civo,neocloud,USD,administered_differentiated,0,1.79,1.0,,,,,
2026-09-28,seller,A100_UNSPEC,civo,neocloud,USD,administered_differentiated,6,1.69,0.9441,0,1.69,6,0,
2026-09-28,seller,A100_UNSPEC,civo,neocloud,USD,administered_differentiated,12,1.59,0.8883,6,1.49,6,0,
2026-09-28,seller,A100_UNSPEC,civo,neocloud,USD,administered_differentiated,24,1.49,0.8324,12,1.39,12,1,
2026-09-28,seller,A100_UNSPEC,civo,neocloud,USD,administered_differentiated,36,1.39,0.7765,24,1.19,12,1,
2026-09-28,seller,B300_SXM,civo,neocloud,USD,administered_differentiated,0,7.49,1.0,,,,,
2026-09-28,seller,B300_SXM,civo,neocloud,USD,administered_differentiated,12,6.49,0.8665,0,6.49,12,1,
2026-09-28,seller,B300_SXM,civo,neocloud,USD,administered_differentiated,24,5.99,0.7997,12,5.49,12,1,
2026-09-28,seller,B300_SXM,civo,neocloud,USD,administered_differentiated,36,5.49,0.733,24,4.49,12,1,
2026-09-28,seller,H100_SXM,civo,neocloud,USD,administered_differentiated,0,2.99,1.0,,,,,
2026-09-28,seller,H100_SXM,civo,neocloud,USD,administered_differentiated,6,2.79,0.9331,0,2.79,6,0,
2026-09-28,seller,H100_SXM,civo,neocloud,USD,administered_differentiated,12,2.69,0.8997,6,2.59,6,0,
2026-09-28,seller,H100_SXM,civo,neocloud,USD,administered_differentiated,24,2.59,0.8662,12,2.49,12,1,
2026-09-28,seller,H100_SXM,civo,neocloud,USD,administered_differentiated,36,2.49,0.8328,24,2.29,12,1,
2026-09-28,seller,H200_SXM,civo,neocloud,USD,administered_differentiated,0,3.49,1.0,,,,,
2026-09-28,seller,H200_SXM,civo,neocloud,USD,administered_differentiated,6,3.29,0.9427,0,3.29,6,0,
2026-09-28,seller,H200_SXM,civo,neocloud,USD,administered_differentiated,12,3.19,0.914,6,3.09,6,0,
2026-09-28,seller,H200_SXM,civo,neocloud,USD,administered_differentiated,24,3.09,0.8854,12,2.99,12,1,
2026-09-28,seller,H200_SXM,civo,neocloud,USD,administered_differentiated,36,2.99,0.8567,24,2.79,12,1,
2026-09-28,seller,L40S,civo,neocloud,USD,administered_differentiated,0,1.29,1.0,,,,,
2026-09-28,seller,L40S,civo,neocloud,USD,administered_differentiated,6,1.19,0.9225,0,1.19,6,0,
2026-09-28,seller,L40S,civo,neocloud,USD,administered_differentiated,12,1.09,0.845,6,0.99,6,0,
2026-09-28,seller,L40S,civo,neocloud,USD,administered_differentiated,24,0.99,0.7674,12,0.89,12,1,
2026-09-28,seller,L40S,civo,neocloud,USD,administered_differentiated,36,0.89,0.6899,24,0.69,12,1,
2026-09-28,seller,B300_SXM,latitude,neocloud,USD,administered_uniform,0,16.0,1.0,,,,,
2026-09-28,seller,B300_SXM,latitude,neocloud,USD,administered_uniform,1,8.0,0.5,0,8.0,1,0,
2026-09-28,seller,B300_SXM,latitude,neocloud,USD,administered_uniform,12,5.6,0.35,1,5.3818,11,1,
2026-09-28,seller,H100_UNSPEC,latitude,neocloud,USD,administered_uniform,0,3.37,1.0,,,,,
2026-09-28,seller,H100_UNSPEC,latitude,neocloud,USD,administered_uniform,1,1.6849,0.5,0,1.6849,1,0,
2026-09-28,seller,H100_UNSPEC,latitude,neocloud,USD,administered_uniform,12,1.1795,0.35,1,1.1336,11,1,
2026-09-28,seller,RTX_PRO_6000,latitude,neocloud,USD,administered_uniform,0,6.25,1.0,,,,,
2026-09-28,seller,RTX_PRO_6000,latitude,neocloud,USD,administered_uniform,1,3.125,0.5,0,3.125,1,0,
2026-09-28,seller,RTX_PRO_6000,latitude,neocloud,USD,administered_uniform,12,2.1875,0.35,1,2.1023,11,1,
2026-09-28,seller,A100_UNSPEC,ovhcloud,neocloud,EUR,administered_differentiated,0,2.75,1.0,,,,,
2026-09-28,seller,A100_UNSPEC,ovhcloud,neocloud,EUR,administered_differentiated,1,1.5068,0.5479,0,1.5068,1,0,
2026-09-28,seller,H100_PCIE,ovhcloud,neocloud,EUR,administered_differentiated,0,2.8,1.0,,,,,
2026-09-28,seller,H100_PCIE,ovhcloud,neocloud,EUR,administered_differentiated,1,2.6575,0.9491,0,2.6575,1,0,
2026-09-28,seller,L4,ovhcloud,neocloud,EUR,administered_differentiated,0,0.75,1.0,,,,,
2026-09-28,seller,L4,ovhcloud,neocloud,EUR,administered_differentiated,1,0.7397,0.9863,0,0.7397,1,0,
2026-09-28,seller,L4,ovhcloud,neocloud,USD,administered_differentiated,0,1.0,1.0,,,,,
2026-09-28,seller,L4,ovhcloud,neocloud,USD,administered_differentiated,1,0.9863,0.9863,0,0.9863,1,0,
2026-09-28,seller,L40S,ovhcloud,neocloud,EUR,administered_differentiated,0,1.4,1.0,,,,,
2026-09-28,seller,L40S,ovhcloud,neocloud,EUR,administered_differentiated,1,1.3808,0.9863,0,1.3808,1,0,
2026-09-28,seller,L40S,ovhcloud,neocloud,USD,administered_differentiated,0,1.8,1.0,,,,,
2026-09-28,seller,L40S,ovhcloud,neocloud,USD,administered_differentiated,1,1.7753,0.9863,0,1.7753,1,0,
2026-09-28,seller,V100,ovhcloud,neocloud,EUR,administered_differentiated,0,0.7,1.0,,,,,
2026-09-28,seller,V100,ovhcloud,neocloud,EUR,administered_differentiated,1,0.6904,0.9863,0,0.6904,1,0,
2026-09-28,seller,V100S,ovhcloud,neocloud,EUR,administered_differentiated,0,0.8,1.0,,,,,
2026-09-28,seller,V100S,ovhcloud,neocloud,EUR,administered_differentiated,1,0.789,0.9862,0,0.789,1,0,
2026-09-28,seller,V100S,ovhcloud,neocloud,USD,administered_differentiated,0,0.88,1.0,,,,,
2026-09-28,seller,V100S,ovhcloud,neocloud,USD,administered_differentiated,1,0.8685,0.9869,0,0.8685,1,0,
2026-09-28,seller,H100_SXM,seeweb,neocloud,EUR,administered_untested,0,1.89,1.0,,,,,
2026-09-28,seller,H100_SXM,seeweb,neocloud,EUR,administered_untested,3,1.8,0.9524,0,1.8,3,0,
2026-09-28,seller,H100_SXM,seeweb,neocloud,EUR,administered_untested,6,1.7,0.8995,3,1.6,3,0,
2026-09-28,seller,H100_SXM,seeweb,neocloud,EUR,administered_untested,12,1.61,0.8519,6,1.52,6,0,
2026-09-29,seller,A100_PCIE,azure,hyperscaler,USD,administered_differentiated,0,4.775,1.0,,,,,
2026-09-29,seller,A100_PCIE,azure,hyperscaler,USD,administered_differentiated,12,3.1213,0.6537,0,3.1213,12,1,
2026-09-29,seller,A100_PCIE,azure,hyperscaler,USD,administered_differentiated,36,1.772,0.3711,12,1.0973,24,1,
2026-09-29,seller,A100_SXM,azure,hyperscaler,USD,administered_differentiated,0,5.1203,1.0,,,,,
2026-09-29,seller,A100_SXM,azure,hyperscaler,USD,administered_differentiated,12,3.277,0.64,0,3.277,12,1,
2026-09-29,seller,A100_SXM,azure,hyperscaler,USD,administered_differentiated,36,2.2529,0.44,12,1.7409,24,1,
2026-09-29,seller,H100_PCIE,azure,hyperscaler,USD,administered_differentiated,0,9.074,1.0,,,,,
2026-09-29,seller,H100_PCIE,azure,hyperscaler,USD,administered_differentiated,12,6.8055,0.75,0,6.8055,12,1,
2026-09-29,seller,H100_PCIE,azure,hyperscaler,USD,administered_differentiated,36,4.9907,0.55,12,4.0833,24,1,
2026-09-29,seller,H100_SXM,azure,hyperscaler,USD,administered_differentiated,0,14.3793,1.0,,,,,
2026-09-29,seller,H100_SXM,azure,hyperscaler,USD,administered_differentiated,12,9.2028,0.64,0,9.2028,12,1,
2026-09-29,seller,H100_SXM,azure,hyperscaler,USD,administered_differentiated,36,6.3125,0.439,12,4.8674,24,1,
2026-09-29,seller,H100_SXM,azure,hyperscaler,USD,administered_differentiated,60,5.7517,0.4,36,4.9105,24,1,
2026-09-29,seller,H200_SXM,azure,hyperscaler,USD,administered_differentiated,0,13.78,1.0,,,,,
2026-09-29,seller,H200_SXM,azure,hyperscaler,USD,administered_differentiated,12,7.5597,0.5486,0,7.5597,12,1,
2026-09-29,seller,H200_SXM,azure,hyperscaler,USD,administered_differentiated,36,6.8611,0.4979,12,6.5117,24,1,
2026-09-29,seller,A100_40GB,civo,neocloud,USD,administered_differentiated,0,1.09,1.0,,,,,
2026-09-29,seller,A100_40GB,civo,neocloud,USD,administered_differentiated,6,0.99,0.9083,0,0.99,6,0,
2026-09-29,seller,A100_40GB,civo,neocloud,USD,administered_differentiated,12,0.89,0.8165,6,0.79,6,0,
2026-09-29,seller,A100_40GB,civo,neocloud,USD,administered_differentiated,24,0.79,0.7248,12,0.69,12,1,
2026-09-29,seller,A100_40GB,civo,neocloud,USD,administered_differentiated,36,0.69,0.633,24,0.49,12,1,
2026-09-29,seller,A100_UNSPEC,civo,neocloud,USD,administered_differentiated,0,1.79,1.0,,,,,
2026-09-29,seller,A100_UNSPEC,civo,neocloud,USD,administered_differentiated,6,1.69,0.9441,0,1.69,6,0,
2026-09-29,seller,A100_UNSPEC,civo,neocloud,USD,administered_differentiated,12,1.59,0.8883,6,1.49,6,0,
2026-09-29,seller,A100_UNSPEC,civo,neocloud,USD,administered_differentiated,24,1.49,0.8324,12,1.39,12,1,
2026-09-29,seller,A100_UNSPEC,civo,neocloud,USD,administered_differentiated,36,1.39,0.7765,24,1.19,12,1,
2026-09-29,seller,B300_SXM,civo,neocloud,USD,administered_differentiated,0,7.49,1.0,,,,,
2026-09-29,seller,B300_SXM,civo,neocloud,USD,administered_differentiated,12,6.49,0.8665,0,6.49,12,1,
2026-09-29,seller,B300_SXM,civo,neocloud,USD,administered_differentiated,24,5.99,0.7997,12,5.49,12,1,
2026-09-29,seller,B300_SXM,civo,neocloud,USD,administered_differentiated,36,5.49,0.733,24,4.49,12,1,
2026-09-29,seller,H100_SXM,civo,neocloud,USD,administered_differentiated,0,2.99,1.0,,,,,
2026-09-29,seller,H100_SXM,civo,neocloud,USD,administered_differentiated,6,2.79,0.9331,0,2.79,6,0,
2026-09-29,seller,H100_SXM,civo,neocloud,USD,administered_differentiated,12,2.69,0.8997,6,2.59,6,0,
2026-09-29,seller,H100_SXM,civo,neocloud,USD,administered_differentiated,24,2.59,0.8662,12,2.49,12,1,
2026-09-29,seller,H100_SXM,civo,neocloud,USD,administered_differentiated,36,2.49,0.8328,24,2.29,12,1,
2026-09-29,seller,H200_SXM,civo,neocloud,USD,administered_differentiated,0,3.49,1.0,,,,,
2026-09-29,seller,H200_SXM,civo,neocloud,USD,administered_differentiated,6,3.29,0.9427,0,3.29,6,0,
2026-09-29,seller,H200_SXM,civo,neocloud,USD,administered_differentiated,12,3.19,0.914,6,3.09,6,0,
2026-09-29,seller,H200_SXM,civo,neocloud,USD,administered_differentiated,24,3.09,0.8854,12,2.99,12,1,
2026-09-29,seller,H200_SXM,civo,neocloud,USD,administered_differentiated,36,2.99,0.8567,24,2.79,12,1,
2026-09-29,seller,L40S,civo,neocloud,USD,administered_differentiated,0,1.29,1.0,,,,,
2026-09-29,seller,L40S,civo,neocloud,USD,administered_differentiated,6,1.19,0.9225,0,1.19,6,0,
2026-09-29,seller,L40S,civo,neocloud,USD,administered_differentiated,12,1.09,0.845,6,0.99,6,0,
2026-09-29,seller,L40S,civo,neocloud,USD,administered_differentiated,24,0.99,0.7674,12,0.89,12,1,
2026-09-29,seller,L40S,civo,neocloud,USD,administered_differentiated,36,0.89,0.6899,24,0.69,12,1,
2026-09-29,seller,B300_SXM,latitude,neocloud,USD,administered_uniform,0,16.0,1.0,,,,,
2026-09-29,seller,B300_SXM,latitude,neocloud,USD,administered_uniform,1,8.0,0.5,0,8.0,1,0,
2026-09-29,seller,B300_SXM,latitude,neocloud,USD,administered_uniform,12,5.6,0.35,1,5.3818,11,1,
2026-09-29,seller,H100_UNSPEC,latitude,neocloud,USD,administered_uniform,0,3.37,1.0,,,,,
2026-09-29,seller,H100_UNSPEC,latitude,neocloud,USD,administered_uniform,1,1.6849,0.5,0,1.6849,1,0,
2026-09-29,seller,H100_UNSPEC,latitude,neocloud,USD,administered_uniform,12,1.1795,0.35,1,1.1336,11,1,
2026-09-29,seller,RTX_PRO_6000,latitude,neocloud,USD,administered_uniform,0,6.25,1.0,,,,,
2026-09-29,seller,RTX_PRO_6000,latitude,neocloud,USD,administered_uniform,1,3.125,0.5,0,3.125,1,0,
2026-09-29,seller,RTX_PRO_6000,latitude,neocloud,USD,administered_uniform,12,2.1875,0.35,1,2.1023,11,1,
2026-09-29,seller,A100_UNSPEC,ovhcloud,neocloud,EUR,administered_differentiated,0,2.75,1.0,,,,,
2026-09-29,seller,A100_UNSPEC,ovhcloud,neocloud,EUR,administered_differentiated,1,1.5068,0.5479,0,1.5068,1,0,
2026-09-29,seller,H100_PCIE,ovhcloud,neocloud,EUR,administered_differentiated,0,2.8,1.0,,,,,
2026-09-29,seller,H100_PCIE,ovhcloud,neocloud,EUR,administered_differentiated,1,2.6575,0.9491,0,2.6575,1,0,
2026-09-29,seller,L4,ovhcloud,neocloud,EUR,administered_differentiated,0,0.75,1.0,,,,,
2026-09-29,seller,L4,ovhcloud,neocloud,EUR,administered_differentiated,1,0.7397,0.9863,0,0.7397,1,0,
2026-09-29,seller,L4,ovhcloud,neocloud,USD,administered_differentiated,0,1.0,1.0,,,,,
2026-09-29,seller,L4,ovhcloud,neocloud,USD,administered_differentiated,1,0.9863,0.9863,0,0.9863,1,0,
2026-09-29,seller,L40S,ovhcloud,neocloud,EUR,administered_differentiated,0,1.4,1.0,,,,,
2026-09-29,seller,L40S,ovhcloud,neocloud,EUR,administered_differentiated,1,1.3808,0.9863,0,1.3808,1,0,
2026-09-29,seller,L40S,ovhcloud,neocloud,USD,administered_differentiated,0,1.8,1.0,,,,,
2026-09-29,seller,L40S,ovhcloud,neocloud,USD,administered_differentiated,1,1.7753,0.9863,0,1.7753,1,0,
2026-09-29,seller,V100,ovhcloud,neocloud,EUR,administered_differentiated,0,0.7,1.0,,,,,
2026-09-29,seller,V100,ovhcloud,neocloud,EUR,administered_differentiated,1,0.6904,0.9863,0,0.6904,1,0,
2026-09-29,seller,V100S,ovhcloud,neocloud,EUR,administered_differentiated,0,0.8,1.0,,,,,
2026-09-29,seller,V100S,ovhcloud,neocloud,EUR,administered_differentiated,1,0.789,0.9862,0,0.789,1,0,
2026-09-29,seller,V100S,ovhcloud,neocloud,USD,administered_differentiated,0,0.88,1.0,,,,,
2026-09-29,seller,V100S,ovhcloud,neocloud,USD,administered_differentiated,1,0.8685,0.9869,0,0.8685,1,0,
2026-09-29,seller,H100_SXM,seeweb,neocloud,EUR,administered_untested,0,1.89,1.0,,,,,
2026-09-29,seller,H100_SXM,seeweb,neocloud,EUR,administered_untested,3,1.8,0.9524,0,1.8,3,0,
2026-09-29,seller,H100_SXM,seeweb,neocloud,EUR,administered_untested,6,1.7,0.8995,3,1.6,3,0,
2026-09-29,seller,H100_SXM,seeweb,neocloud,EUR,administered_untested,12,1.61,0.8519,6,1.52,6,0,
2026-09-30,seller,A100_PCIE,azure,hyperscaler,USD,administered_differentiated,0,4.775,1.0,,,,,
2026-09-30,seller,A100_PCIE,azure,hyperscaler,USD,administered_differentiated,12,3.1213,0.6537,0,3.1213,12,1,
2026-09-30,seller,A100_PCIE,azure,hyperscaler,USD,administered_differentiated,36,1.772,0.3711,12,1.0973,24,1,
2026-09-30,seller,A100_SXM,azure,hyperscaler,USD,administered_differentiated,0,5.1203,1.0,,,,,
2026-09-30,seller,A100_SXM,azure,hyperscaler,USD,administered_differentiated,12,3.277,0.64,0,3.277,12,1,
2026-09-30,seller,A100_SXM,azure,hyperscaler,USD,administered_differentiated,36,2.2529,0.44,12,1.7409,24,1,
2026-09-30,seller,H100_PCIE,azure,hyperscaler,USD,administered_differentiated,0,9.074,1.0,,,,,
2026-09-30,seller,H100_PCIE,azure,hyperscaler,USD,administered_differentiated,12,6.8055,0.75,0,6.8055,12,1,
2026-09-30,seller,H100_PCIE,azure,hyperscaler,USD,administered_differentiated,36,4.9907,0.55,12,4.0833,24,1,
2026-09-30,seller,H100_SXM,azure,hyperscaler,USD,administered_differentiated,0,14.3793,1.0,,,,,
2026-09-30,seller,H100_SXM,azure,hyperscaler,USD,administered_differentiated,12,9.2028,0.64,0,9.2028,12,1,
2026-09-30,seller,H100_SXM,azure,hyperscaler,USD,administered_differentiated,36,6.3125,0.439,12,4.8674,24,1,
2026-09-30,seller,H100_SXM,azure,hyperscaler,USD,administered_differentiated,60,5.7517,0.4,36,4.9105,24,1,
2026-09-30,seller,H200_SXM,azure,hyperscaler,USD,administered_differentiated,0,13.78,1.0,,,,,
2026-09-30,seller,H200_SXM,azure,hyperscaler,USD,administered_differentiated,12,7.5597,0.5486,0,7.5597,12,1,
2026-09-30,seller,H200_SXM,azure,hyperscaler,USD,administered_differentiated,36,6.8611,0.4979,12,6.5117,24,1,
2026-09-30,seller,A100_40GB,civo,neocloud,USD,administered_differentiated,0,1.09,1.0,,,,,
2026-09-30,seller,A100_40GB,civo,neocloud,USD,administered_differentiated,6,0.99,0.9083,0,0.99,6,0,
2026-09-30,seller,A100_40GB,civo,neocloud,USD,administered_differentiated,12,0.89,0.8165,6,0.79,6,0,
2026-09-30,seller,A100_40GB,civo,neocloud,USD,administered_differentiated,24,0.79,0.7248,12,0.69,12,1,
2026-09-30,seller,A100_40GB,civo,neocloud,USD,administered_differentiated,36,0.69,0.633,24,0.49,12,1,
2026-09-30,seller,A100_UNSPEC,civo,neocloud,USD,administered_differentiated,0,1.79,1.0,,,,,
2026-09-30,seller,A100_UNSPEC,civo,neocloud,USD,administered_differentiated,6,1.69,0.9441,0,1.69,6,0,
2026-09-30,seller,A100_UNSPEC,civo,neocloud,USD,administered_differentiated,12,1.59,0.8883,6,1.49,6,0,
2026-09-30,seller,A100_UNSPEC,civo,neocloud,USD,administered_differentiated,24,1.49,0.8324,12,1.39,12,1,
2026-09-30,seller,A100_UNSPEC,civo,neocloud,USD,administered_differentiated,36,1.39,0.7765,24,1.19,12,1,
2026-09-30,seller,B300_SXM,civo,neocloud,USD,administered_differentiated,0,7.49,1.0,,,,,
2026-09-30,seller,B300_SXM,civo,neocloud,USD,administered_differentiated,12,6.49,0.8665,0,6.49,12,1,
2026-09-30,seller,B300_SXM,civo,neocloud,USD,administered_differentiated,24,5.99,0.7997,12,5.49,12,1,
2026-09-30,seller,B300_SXM,civo,neocloud,USD,administered_differentiated,36,5.49,0.733,24,4.49,12,1,
2026-09-30,seller,H100_SXM,civo,neocloud,USD,administered_differentiated,0,2.99,1.0,,,,,
2026-09-30,seller,H100_SXM,civo,neocloud,USD,administered_differentiated,6,2.79,0.9331,0,2.79,6,0,
2026-09-30,seller,H100_SXM,civo,neocloud,USD,administered_differentiated,12,2.69,0.8997,6,2.59,6,0,
2026-09-30,seller,H100_SXM,civo,neocloud,USD,administered_differentiated,24,2.59,0.8662,12,2.49,12,1,
2026-09-30,seller,H100_SXM,civo,neocloud,USD,administered_differentiated,36,2.49,0.8328,24,2.29,12,1,
2026-09-30,seller,H200_SXM,civo,neocloud,USD,administered_differentiated,0,3.49,1.0,,,,,
2026-09-30,seller,H200_SXM,civo,neocloud,USD,administered_differentiated,6,3.29,0.9427,0,3.29,6,0,
2026-09-30,seller,H200_SXM,civo,neocloud,USD,administered_differentiated,12,3.19,0.914,6,3.09,6,0,
2026-09-30,seller,H200_SXM,civo,neocloud,USD,administered_differentiated,24,3.09,0.8854,12,2.99,12,1,
2026-09-30,seller,H200_SXM,civo,neocloud,USD,administered_differentiated,36,2.99,0.8567,24,2.79,12,1,
2026-09-30,seller,L40S,civo,neocloud,USD,administered_differentiated,0,1.29,1.0,,,,,
2026-09-30,seller,L40S,civo,neocloud,USD,administered_differentiated,6,1.19,0.9225,0,1.19,6,0,
2026-09-30,seller,L40S,civo,neocloud,USD,administered_differentiated,12,1.09,0.845,6,0.99,6,0,
2026-09-30,seller,L40S,civo,neocloud,USD,administered_differentiated,24,0.99,0.7674,12,0.89,12,1,
2026-09-30,seller,L40S,civo,neocloud,USD,administered_differentiated,36,0.89,0.6899,24,0.69,12,1,
2026-09-30,seller,B300_SXM,latitude,neocloud,USD,administered_uniform,0,16.0,1.0,,,,,
2026-09-30,seller,B300_SXM,latitude,neocloud,USD,administered_uniform,1,8.0,0.5,0,8.0,1,0,
2026-09-30,seller,B300_SXM,latitude,neocloud,USD,administered_uniform,12,5.6,0.35,1,5.3818,11,1,
2026-09-30,seller,H100_UNSPEC,latitude,neocloud,USD,administered_uniform,0,3.37,1.0,,,,,
2026-09-30,seller,H100_UNSPEC,latitude,neocloud,USD,administered_uniform,1,1.6849,0.5,0,1.6849,1,0,
2026-09-30,seller,H100_UNSPEC,latitude,neocloud,USD,administered_uniform,12,1.1795,0.35,1,1.1336,11,1,
2026-09-30,seller,RTX_PRO_6000,latitude,neocloud,USD,administered_uniform,0,6.25,1.0,,,,,
2026-09-30,seller,RTX_PRO_6000,latitude,neocloud,USD,administered_uniform,1,3.125,0.5,0,3.125,1,0,
2026-09-30,seller,RTX_PRO_6000,latitude,neocloud,USD,administered_uniform,12,2.1875,0.35,1,2.1023,11,1,
2026-09-30,seller,A100_UNSPEC,ovhcloud,neocloud,EUR,administered_differentiated,0,2.75,1.0,,,,,
2026-09-30,seller,A100_UNSPEC,ovhcloud,neocloud,EUR,administered_differentiated,1,1.5068,0.5479,0,1.5068,1,0,
2026-09-30,seller,H100_PCIE,ovhcloud,neocloud,EUR,administered_differentiated,0,2.8,1.0,,,,,
2026-09-30,seller,H100_PCIE,ovhcloud,neocloud,EUR,administered_differentiated,1,2.6575,0.9491,0,2.6575,1,0,
2026-09-30,seller,L4,ovhcloud,neocloud,EUR,administered_differentiated,0,0.75,1.0,,,,,
2026-09-30,seller,L4,ovhcloud,neocloud,EUR,administered_differentiated,1,0.7397,0.9863,0,0.7397,1,0,
2026-09-30,seller,L4,ovhcloud,neocloud,USD,administered_differentiated,0,1.0,1.0,,,,,
2026-09-30,seller,L4,ovhcloud,neocloud,USD,administered_differentiated,1,0.9863,0.9863,0,0.9863,1,0,
2026-09-30,seller,L40S,ovhcloud,neocloud,EUR,administered_differentiated,0,1.4,1.0,,,,,
2026-09-30,seller,L40S,ovhcloud,neocloud,EUR,administered_differentiated,1,1.3808,0.9863,0,1.3808,1,0,
2026-09-30,seller,L40S,ovhcloud,neocloud,USD,administered_differentiated,0,1.8,1.0,,,,,
2026-09-30,seller,L40S,ovhcloud,neocloud,USD,administered_differentiated,1,1.7753,0.9863,0,1.7753,1,0,
2026-09-30,seller,V100,ovhcloud,neocloud,EUR,administered_differentiated,0,0.7,1.0,,,,,
2026-09-30,seller,V100,ovhcloud,neocloud,EUR,administered_differentiated,1,0.6904,0.9863,0,0.6904,1,0,
2026-09-30,seller,V100S,ovhcloud,neocloud,EUR,administered_differentiated,0,0.8,1.0,,,,,
2026-09-30,seller,V100S,ovhcloud,neocloud,EUR,administered_differentiated,1,0.789,0.9862,0,0.789,1,0,
2026-09-30,seller,V100S,ovhcloud,neocloud,USD,administered_differentiated,0,0.88,1.0,,,,,
2026-09-30,seller,V100S,ovhcloud,neocloud,USD,administered_differentiated,1,0.8685,0.9869,0,0.8685,1,0,
2026-09-30,seller,H100_SXM,seeweb,neocloud,EUR,administered_untested,0,1.89,1.0,,,,,
2026-09-30,seller,H100_SXM,seeweb,neocloud,EUR,administered_untested,3,1.8,0.9524,0,1.8,3,0,
2026-09-30,seller,H100_SXM,seeweb,neocloud,EUR,administered_untested,6,1.7,0.8995,3,1.6,3,0,
2026-09-30,seller,H100_SXM,seeweb,neocloud,EUR,administered_untested,12,1.61,0.8519,6,1.52,6,0,
2026-10-01,seller,A100_PCIE,azure,hyperscaler,USD,administered_differentiated,0,4.775,1.0,,,,,
2026-10-01,seller,A100_PCIE,azure,hyperscaler,USD,administered_differentiated,12,3.1213,0.6537,0,3.1213,12,1,
2026-10-01,seller,A100_PCIE,azure,hyperscaler,USD,administered_differentiated,36,1.772,0.3711,12,1.0973,24,1,
2026-10-01,seller,A100_SXM,azure,hyperscaler,USD,administered_differentiated,0,5.1203,1.0,,,,,
2026-10-01,seller,A100_SXM,azure,hyperscaler,USD,administered_differentiated,12,3.277,0.64,0,3.277,12,1,
2026-10-01,seller,A100_SXM,azure,hyperscaler,USD,administered_differentiated,36,2.2529,0.44,12,1.7409,24,1,
2026-10-01,seller,H100_PCIE,azure,hyperscaler,USD,administered_differentiated,0,9.074,1.0,,,,,
2026-10-01,seller,H100_PCIE,azure,hyperscaler,USD,administered_differentiated,12,6.8055,0.75,0,6.8055,12,1,
2026-10-01,seller,H100_PCIE,azure,hyperscaler,USD,administered_differentiated,36,4.9907,0.55,12,4.0833,24,1,
2026-10-01,seller,H100_SXM,azure,hyperscaler,USD,administered_differentiated,0,14.3793,1.0,,,,,
2026-10-01,seller,H100_SXM,azure,hyperscaler,USD,administered_differentiated,12,9.2028,0.64,0,9.2028,12,1,
2026-10-01,seller,H100_SXM,azure,hyperscaler,USD,administered_differentiated,36,6.3125,0.439,12,4.8674,24,1,
2026-10-01,seller,H100_SXM,azure,hyperscaler,USD,administered_differentiated,60,5.7517,0.4,36,4.9105,24,1,
2026-10-01,seller,H200_SXM,azure,hyperscaler,USD,administered_differentiated,0,13.78,1.0,,,,,
2026-10-01,seller,H200_SXM,azure,hyperscaler,USD,administered_differentiated,12,7.5597,0.5486,0,7.5597,12,1,
2026-10-01,seller,H200_SXM,azure,hyperscaler,USD,administered_differentiated,36,6.8611,0.4979,12,6.5117,24,1,
2026-10-01,seller,A100_40GB,civo,neocloud,USD,administered_differentiated,0,1.09,1.0,,,,,
2026-10-01,seller,A100_40GB,civo,neocloud,USD,administered_differentiated,6,0.99,0.9083,0,0.99,6,0,
2026-10-01,seller,A100_40GB,civo,neocloud,USD,administered_differentiated,12,0.89,0.8165,6,0.79,6,0,
2026-10-01,seller,A100_40GB,civo,neocloud,USD,administered_differentiated,24,0.79,0.7248,12,0.69,12,1,
2026-10-01,seller,A100_40GB,civo,neocloud,USD,administered_differentiated,36,0.69,0.633,24,0.49,12,1,
2026-10-01,seller,A100_UNSPEC,civo,neocloud,USD,administered_differentiated,0,1.79,1.0,,,,,
2026-10-01,seller,A100_UNSPEC,civo,neocloud,USD,administered_differentiated,6,1.69,0.9441,0,1.69,6,0,
2026-10-01,seller,A100_UNSPEC,civo,neocloud,USD,administered_differentiated,12,1.59,0.8883,6,1.49,6,0,
2026-10-01,seller,A100_UNSPEC,civo,neocloud,USD,administered_differentiated,24,1.49,0.8324,12,1.39,12,1,
2026-10-01,seller,A100_UNSPEC,civo,neocloud,USD,administered_differentiated,36,1.39,0.7765,24,1.19,12,1,
2026-10-01,seller,B300_SXM,civo,neocloud,USD,administered_differentiated,0,7.49,1.0,,,,,
2026-10-01,seller,B300_SXM,civo,neocloud,USD,administered_differentiated,12,6.49,0.8665,0,6.49,12,1,
2026-10-01,seller,B300_SXM,civo,neocloud,USD,administered_differentiated,24,5.99,0.7997,12,5.49,12,1,
2026-10-01,seller,B300_SXM,civo,neocloud,USD,administered_differentiated,36,5.49,0.733,24,4.49,12,1,
2026-10-01,seller,H100_SXM,civo,neocloud,USD,administered_differentiated,0,2.99,1.0,,,,,
2026-10-01,seller,H100_SXM,civo,neocloud,USD,administered_differentiated,6,2.79,0.9331,0,2.79,6,0,
2026-10-01,seller,H100_SXM,civo,neocloud,USD,administered_differentiated,12,2.69,0.8997,6,2.59,6,0,
2026-10-01,seller,H100_SXM,civo,neocloud,USD,administered_differentiated,24,2.59,0.8662,12,2.49,12,1,
2026-10-01,seller,H100_SXM,civo,neocloud,USD,administered_differentiated,36,2.49,0.8328,24,2.29,12,1,
2026-10-01,seller,H200_SXM,civo,neocloud,USD,administered_differentiated,0,3.49,1.0,,,,,
2026-10-01,seller,H200_SXM,civo,neocloud,USD,administered_differentiated,6,3.29,0.9427,0,3.29,6,0,
2026-10-01,seller,H200_SXM,civo,neocloud,USD,administered_differentiated,12,3.19,0.914,6,3.09,6,0,
2026-10-01,seller,H200_SXM,civo,neocloud,USD,administered_differentiated,24,3.09,0.8854,12,2.99,12,1,
2026-10-01,seller,H200_SXM,civo,neocloud,USD,administered_differentiated,36,2.99,0.8567,24,2.79,12,1,
2026-10-01,seller,L40S,civo,neocloud,USD,administered_differentiated,0,1.29,1.0,,,,,
2026-10-01,seller,L40S,civo,neocloud,USD,administered_differentiated,6,1.19,0.9225,0,1.19,6,0,
2026-10-01,seller,L40S,civo,neocloud,USD,administered_differentiated,12,1.09,0.845,6,0.99,6,0,
2026-10-01,seller,L40S,civo,neocloud,USD,administered_differentiated,24,0.99,0.7674,12,0.89,12,1,
2026-10-01,seller,L40S,civo,neocloud,USD,administered_differentiated,36,0.89,0.6899,24,0.69,12,1,
2026-10-01,seller,B300_SXM,latitude,neocloud,USD,administered_uniform,0,16.0,1.0,,,,,
2026-10-01,seller,B300_SXM,latitude,neocloud,USD,administered_uniform,1,8.0,0.5,0,8.0,1,0,
2026-10-01,seller,B300_SXM,latitude,neocloud,USD,administered_uniform,12,5.6,0.35,1,5.3818,11,1,
2026-10-01,seller,H100_UNSPEC,latitude,neocloud,USD,administered_uniform,0,3.37,1.0,,,,,
2026-10-01,seller,H100_UNSPEC,latitude,neocloud,USD,administered_uniform,1,1.6849,0.5,0,1.6849,1,0,
2026-10-01,seller,H100_UNSPEC,latitude,neocloud,USD,administered_uniform,12,1.1795,0.35,1,1.1336,11,1,
2026-10-01,seller,RTX_PRO_6000,latitude,neocloud,USD,administered_uniform,0,6.25,1.0,,,,,
2026-10-01,seller,RTX_PRO_6000,latitude,neocloud,USD,administered_uniform,1,3.125,0.5,0,3.125,1,0,
2026-10-01,seller,RTX_PRO_6000,latitude,neocloud,USD,administered_uniform,12,2.1875,0.35,1,2.1023,11,1,
2026-10-01,seller,A100_UNSPEC,ovhcloud,neocloud,EUR,administered_differentiated,0,2.75,1.0,,,,,
2026-10-01,seller,A100_UNSPEC,ovhcloud,neocloud,EUR,administered_differentiated,1,1.5068,0.5479,0,1.5068,1,0,
2026-10-01,seller,H100_PCIE,ovhcloud,neocloud,EUR,administered_differentiated,0,2.8,1.0,,,,,
2026-10-01,seller,H100_PCIE,ovhcloud,neocloud,EUR,administered_differentiated,1,2.6575,0.9491,0,2.6575,1,0,
2026-10-01,seller,L4,ovhcloud,neocloud,EUR,administered_differentiated,0,0.75,1.0,,,,,
2026-10-01,seller,L4,ovhcloud,neocloud,EUR,administered_differentiated,1,0.7397,0.9863,0,0.7397,1,0,
2026-10-01,seller,L4,ovhcloud,neocloud,USD,administered_differentiated,0,1.0,1.0,,,,,
2026-10-01,seller,L4,ovhcloud,neocloud,USD,administered_differentiated,1,0.9863,0.9863,0,0.9863,1,0,
2026-10-01,seller,L40S,ovhcloud,neocloud,EUR,administered_differentiated,0,1.4,1.0,,,,,
2026-10-01,seller,L40S,ovhcloud,neocloud,EUR,administered_differentiated,1,1.3808,0.9863,0,1.3808,1,0,
2026-10-01,seller,L40S,ovhcloud,neocloud,USD,administered_differentiated,0,1.8,1.0,,,,,
2026-10-01,seller,L40S,ovhcloud,neocloud,USD,administered_differentiated,1,1.7753,0.9863,0,1.7753,1,0,
2026-10-01,seller,V100,ovhcloud,neocloud,EUR,administered_differentiated,0,0.7,1.0,,,,,
2026-10-01,seller,V100,ovhcloud,neocloud,EUR,administered_differentiated,1,0.6904,0.9863,0,0.6904,1,0,
2026-10-01,seller,V100S,ovhcloud,neocloud,EUR,administered_differentiated,0,0.8,1.0,,,,,
2026-10-01,seller,V100S,ovhcloud,neocloud,EUR,administered_differentiated,1,0.789,0.9862,0,0.789,1,0,
2026-10-01,seller,V100S,ovhcloud,neocloud,USD,administered_differentiated,0,0.88,1.0,,,,,
2026-10-01,seller,V100S,ovhcloud,neocloud,USD,administered_differentiated,1,0.8685,0.9869,0,0.8685,1,0,
2026-10-01,seller,H100_SXM,seeweb,neocloud,EUR,administered_untested,0,1.89,1.0,,,,,
2026-10-01,seller,H100_SXM,seeweb,neocloud,EUR,administered_untested,3,1.8,0.9524,0,1.8,3,0,
2026-10-01,seller,H100_SXM,seeweb,neocloud,EUR,administered_untested,6,1.7,0.8995,3,1.6,3,0,
2026-10-01,seller,H100_SXM,seeweb,neocloud,EUR,administered_untested,12,1.61,0.8519,6,1.52,6,0,
2026-10-02,seller,A100_PCIE,azure,hyperscaler,USD,administered_differentiated,0,4.775,1.0,,,,,
2026-10-02,seller,A100_PCIE,azure,hyperscaler,USD,administered_differentiated,12,3.1213,0.6537,0,3.1213,12,1,
2026-10-02,seller,A100_PCIE,azure,hyperscaler,USD,administered_differentiated,36,1.772,0.3711,12,1.0973,24,1,
2026-10-02,seller,A100_SXM,azure,hyperscaler,USD,administered_differentiated,0,5.1203,1.0,,,,,
2026-10-02,seller,A100_SXM,azure,hyperscaler,USD,administered_differentiated,12,3.277,0.64,0,3.277,12,1,
2026-10-02,seller,A100_SXM,azure,hyperscaler,USD,administered_differentiated,36,2.2529,0.44,12,1.7409,24,1,
2026-10-02,seller,H100_PCIE,azure,hyperscaler,USD,administered_differentiated,0,9.074,1.0,,,,,
2026-10-02,seller,H100_PCIE,azure,hyperscaler,USD,administered_differentiated,12,6.8055,0.75,0,6.8055,12,1,
2026-10-02,seller,H100_PCIE,azure,hyperscaler,USD,administered_differentiated,36,4.9907,0.55,12,4.0833,24,1,
2026-10-02,seller,H100_SXM,azure,hyperscaler,USD,administered_differentiated,0,14.3793,1.0,,,,,
2026-10-02,seller,H100_SXM,azure,hyperscaler,USD,administered_differentiated,12,9.2028,0.64,0,9.2028,12,1,
2026-10-02,seller,H100_SXM,azure,hyperscaler,USD,administered_differentiated,36,6.3125,0.439,12,4.8674,24,1,
2026-10-02,seller,H100_SXM,azure,hyperscaler,USD,administered_differentiated,60,5.7517,0.4,36,4.9105,24,1,
2026-10-02,seller,H200_SXM,azure,hyperscaler,USD,administered_differentiated,0,13.78,1.0,,,,,
2026-10-02,seller,H200_SXM,azure,hyperscaler,USD,administered_differentiated,12,7.5597,0.5486,0,7.5597,12,1,
2026-10-02,seller,H200_SXM,azure,hyperscaler,USD,administered_differentiated,36,6.8611,0.4979,12,6.5117,24,1,
2026-10-02,seller,A100_40GB,civo,neocloud,USD,administered_differentiated,0,1.09,1.0,,,,,
2026-10-02,seller,A100_40GB,civo,neocloud,USD,administered_differentiated,6,0.99,0.9083,0,0.99,6,0,
2026-10-02,seller,A100_40GB,civo,neocloud,USD,administered_differentiated,12,0.89,0.8165,6,0.79,6,0,
2026-10-02,seller,A100_40GB,civo,neocloud,USD,administered_differentiated,24,0.79,0.7248,12,0.69,12,1,
2026-10-02,seller,A100_40GB,civo,neocloud,USD,administered_differentiated,36,0.69,0.633,24,0.49,12,1,
2026-10-02,seller,A100_UNSPEC,civo,neocloud,USD,administered_differentiated,0,1.79,1.0,,,,,
2026-10-02,seller,A100_UNSPEC,civo,neocloud,USD,administered_differentiated,6,1.69,0.9441,0,1.69,6,0,
2026-10-02,seller,A100_UNSPEC,civo,neocloud,USD,administered_differentiated,12,1.59,0.8883,6,1.49,6,0,
2026-10-02,seller,A100_UNSPEC,civo,neocloud,USD,administered_differentiated,24,1.49,0.8324,12,1.39,12,1,
2026-10-02,seller,A100_UNSPEC,civo,neocloud,USD,administered_differentiated,36,1.39,0.7765,24,1.19,12,1,
2026-10-02,seller,B300_SXM,civo,neocloud,USD,administered_differentiated,0,7.49,1.0,,,,,
2026-10-02,seller,B300_SXM,civo,neocloud,USD,administered_differentiated,12,6.49,0.8665,0,6.49,12,1,
2026-10-02,seller,B300_SXM,civo,neocloud,USD,administered_differentiated,24,5.99,0.7997,12,5.49,12,1,
2026-10-02,seller,B300_SXM,civo,neocloud,USD,administered_differentiated,36,5.49,0.733,24,4.49,12,1,
2026-10-02,seller,H100_SXM,civo,neocloud,USD,administered_differentiated,0,2.99,1.0,,,,,
2026-10-02,seller,H100_SXM,civo,neocloud,USD,administered_differentiated,6,2.79,0.9331,0,2.79,6,0,
2026-10-02,seller,H100_SXM,civo,neocloud,USD,administered_differentiated,12,2.69,0.8997,6,2.59,6,0,
2026-10-02,seller,H100_SXM,civo,neocloud,USD,administered_differentiated,24,2.59,0.8662,12,2.49,12,1,
2026-10-02,seller,H100_SXM,civo,neocloud,USD,administered_differentiated,36,2.49,0.8328,24,2.29,12,1,
2026-10-02,seller,H200_SXM,civo,neocloud,USD,administered_differentiated,0,3.49,1.0,,,,,
2026-10-02,seller,H200_SXM,civo,neocloud,USD,administered_differentiated,6,3.29,0.9427,0,3.29,6,0,
2026-10-02,seller,H200_SXM,civo,neocloud,USD,administered_differentiated,12,3.19,0.914,6,3.09,6,0,
2026-10-02,seller,H200_SXM,civo,neocloud,USD,administered_differentiated,24,3.09,0.8854,12,2.99,12,1,
2026-10-02,seller,H200_SXM,civo,neocloud,USD,administered_differentiated,36,2.99,0.8567,24,2.79,12,1,
2026-10-02,seller,L40S,civo,neocloud,USD,administered_differentiated,0,1.29,1.0,,,,,
2026-10-02,seller,L40S,civo,neocloud,USD,administered_differentiated,6,1.19,0.9225,0,1.19,6,0,
2026-10-02,seller,L40S,civo,neocloud,USD,administered_differentiated,12,1.09,0.845,6,0.99,6,0,
2026-10-02,seller,L40S,civo,neocloud,USD,administered_differentiated,24,0.99,0.7674,12,0.89,12,1,
2026-10-02,seller,L40S,civo,neocloud,USD,administered_differentiated,36,0.89,0.6899,24,0.69,12,1,
2026-10-02,seller,B300_SXM,latitude,neocloud,USD,administered_uniform,0,16.0,1.0,,,,,
2026-10-02,seller,B300_SXM,latitude,neocloud,USD,administered_uniform,1,8.0,0.5,0,8.0,1,0,
2026-10-02,seller,B300_SXM,latitude,neocloud,USD,administered_uniform,12,5.6,0.35,1,5.3818,11,1,
2026-10-02,seller,H100_UNSPEC,latitude,neocloud,USD,administered_uniform,0,3.37,1.0,,,,,
2026-10-02,seller,H100_UNSPEC,latitude,neocloud,USD,administered_uniform,1,1.6849,0.5,0,1.6849,1,0,
2026-10-02,seller,H100_UNSPEC,latitude,neocloud,USD,administered_uniform,12,1.1795,0.35,1,1.1336,11,1,
2026-10-02,seller,RTX_PRO_6000,latitude,neocloud,USD,administered_uniform,0,6.25,1.0,,,,,
2026-10-02,seller,RTX_PRO_6000,latitude,neocloud,USD,administered_uniform,1,3.125,0.5,0,3.125,1,0,
2026-10-02,seller,RTX_PRO_6000,latitude,neocloud,USD,administered_uniform,12,2.1875,0.35,1,2.1023,11,1,
2026-10-02,seller,A100_UNSPEC,ovhcloud,neocloud,EUR,administered_differentiated,0,2.75,1.0,,,,,
2026-10-02,seller,A100_UNSPEC,ovhcloud,neocloud,EUR,administered_differentiated,1,1.5068,0.5479,0,1.5068,1,0,
2026-10-02,seller,H100_PCIE,ovhcloud,neocloud,EUR,administered_differentiated,0,2.8,1.0,,,,,
2026-10-02,seller,H100_PCIE,ovhcloud,neocloud,EUR,administered_differentiated,1,2.6575,0.9491,0,2.6575,1,0,
2026-10-02,seller,L4,ovhcloud,neocloud,EUR,administered_differentiated,0,0.75,1.0,,,,,
2026-10-02,seller,L4,ovhcloud,neocloud,EUR,administered_differentiated,1,0.7397,0.9863,0,0.7397,1,0,
2026-10-02,seller,L4,ovhcloud,neocloud,USD,administered_differentiated,0,1.0,1.0,,,,,
2026-10-02,seller,L4,ovhcloud,neocloud,USD,administered_differentiated,1,0.9863,0.9863,0,0.9863,1,0,
2026-10-02,seller,L40S,ovhcloud,neocloud,EUR,administered_differentiated,0,1.4,1.0,,,,,
2026-10-02,seller,L40S,ovhcloud,neocloud,EUR,administered_differentiated,1,1.3808,0.9863,0,1.3808,1,0,
2026-10-02,seller,L40S,ovhcloud,neocloud,USD,administered_differentiated,0,1.8,1.0,,,,,
2026-10-02,seller,L40S,ovhcloud,neocloud,USD,administered_differentiated,1,1.7753,0.9863,0,1.7753,1,0,
2026-10-02,seller,V100,ovhcloud,neocloud,EUR,administered_differentiated,0,0.7,1.0,,,,,
2026-10-02,seller,V100,ovhcloud,neocloud,EUR,administered_differentiated,1,0.6904,0.9863,0,0.6904,1,0,
2026-10-02,seller,V100S,ovhcloud,neocloud,EUR,administered_differentiated,0,0.8,1.0,,,,,
2026-10-02,seller,V100S,ovhcloud,neocloud,EUR,administered_differentiated,1,0.789,0.9862,0,0.789,1,0,
2026-10-02,seller,V100S,ovhcloud,neocloud,USD,administered_differentiated,0,0.88,1.0,,,,,
2026-10-02,seller,V100S,ovhcloud,neocloud,USD,administered_differentiated,1,0.8685,0.9869,0,0.8685,1,0,
2026-10-02,seller,H100_SXM,seeweb,neocloud,EUR,administered_untested,0,1.89,1.0,,,,,
2026-10-02,seller,H100_SXM,seeweb,neocloud,EUR,administered_untested,3,1.8,0.9524,0,1.8,3,0,
2026-10-02,seller,H100_SXM,seeweb,neocloud,EUR,administered_untested,6,1.7,0.8995,3,1.6,3,0,
2026-10-02,seller,H100_SXM,seeweb,neocloud,EUR,administered_untested,12,1.61,0.8519,6,1.52,6,0,
2026-10-03,seller,A100_PCIE,azure,hyperscaler,USD,administered_differentiated,0,4.775,1.0,,,,,
2026-10-03,seller,A100_PCIE,azure,hyperscaler,USD,administered_differentiated,12,3.1213,0.6537,0,3.1213,12,1,
2026-10-03,seller,A100_PCIE,azure,hyperscaler,USD,administered_differentiated,36,1.772,0.3711,12,1.0973,24,1,
2026-10-03,seller,A100_SXM,azure,hyperscaler,USD,administered_differentiated,0,5.1203,1.0,,,,,
2026-10-03,seller,A100_SXM,azure,hyperscaler,USD,administered_differentiated,12,3.277,0.64,0,3.277,12,1,
2026-10-03,seller,A100_SXM,azure,hyperscaler,USD,administered_differentiated,36,2.2529,0.44,12,1.7409,24,1,
2026-10-03,seller,H100_PCIE,azure,hyperscaler,USD,administered_differentiated,0,9.074,1.0,,,,,
2026-10-03,seller,H100_PCIE,azure,hyperscaler,USD,administered_differentiated,12,6.8055,0.75,0,6.8055,12,1,
2026-10-03,seller,H100_PCIE,azure,hyperscaler,USD,administered_differentiated,36,4.9907,0.55,12,4.0833,24,1,
2026-10-03,seller,H100_SXM,azure,hyperscaler,USD,administered_differentiated,0,14.3793,1.0,,,,,
2026-10-03,seller,H100_SXM,azure,hyperscaler,USD,administered_differentiated,12,9.2028,0.64,0,9.2028,12,1,
2026-10-03,seller,H100_SXM,azure,hyperscaler,USD,administered_differentiated,36,6.3125,0.439,12,4.8674,24,1,
2026-10-03,seller,H100_SXM,azure,hyperscaler,USD,administered_differentiated,60,5.7517,0.4,36,4.9105,24,1,
2026-10-03,seller,H200_SXM,azure,hyperscaler,USD,administered_differentiated,0,13.78,1.0,,,,,
2026-10-03,seller,H200_SXM,azure,hyperscaler,USD,administered_differentiated,12,7.5597,0.5486,0,7.5597,12,1,
2026-10-03,seller,H200_SXM,azure,hyperscaler,USD,administered_differentiated,36,6.8611,0.4979,12,6.5117,24,1,
2026-10-03,seller,A100_40GB,civo,neocloud,USD,administered_differentiated,0,1.09,1.0,,,,,
2026-10-03,seller,A100_40GB,civo,neocloud,USD,administered_differentiated,6,0.99,0.9083,0,0.99,6,0,
2026-10-03,seller,A100_40GB,civo,neocloud,USD,administered_differentiated,12,0.89,0.8165,6,0.79,6,0,
2026-10-03,seller,A100_40GB,civo,neocloud,USD,administered_differentiated,24,0.79,0.7248,12,0.69,12,1,
2026-10-03,seller,A100_40GB,civo,neocloud,USD,administered_differentiated,36,0.69,0.633,24,0.49,12,1,
2026-10-03,seller,A100_UNSPEC,civo,neocloud,USD,administered_differentiated,0,1.79,1.0,,,,,
2026-10-03,seller,A100_UNSPEC,civo,neocloud,USD,administered_differentiated,6,1.69,0.9441,0,1.69,6,0,
2026-10-03,seller,A100_UNSPEC,civo,neocloud,USD,administered_differentiated,12,1.59,0.8883,6,1.49,6,0,
2026-10-03,seller,A100_UNSPEC,civo,neocloud,USD,administered_differentiated,24,1.49,0.8324,12,1.39,12,1,
2026-10-03,seller,A100_UNSPEC,civo,neocloud,USD,administered_differentiated,36,1.39,0.7765,24,1.19,12,1,
2026-10-03,seller,B300_SXM,civo,neocloud,USD,administered_differentiated,0,7.49,1.0,,,,,
2026-10-03,seller,B300_SXM,civo,neocloud,USD,administered_differentiated,12,6.49,0.8665,0,6.49,12,1,
2026-10-03,seller,B300_SXM,civo,neocloud,USD,administered_differentiated,24,5.99,0.7997,12,5.49,12,1,
2026-10-03,seller,B300_SXM,civo,neocloud,USD,administered_differentiated,36,5.49,0.733,24,4.49,12,1,
2026-10-03,seller,H100_SXM,civo,neocloud,USD,administered_differentiated,0,2.99,1.0,,,,,
2026-10-03,seller,H100_SXM,civo,neocloud,USD,administered_differentiated,6,2.79,0.9331,0,2.79,6,0,
2026-10-03,seller,H100_SXM,civo,neocloud,USD,administered_differentiated,12,2.69,0.8997,6,2.59,6,0,
2026-10-03,seller,H100_SXM,civo,neocloud,USD,administered_differentiated,24,2.59,0.8662,12,2.49,12,1,
2026-10-03,seller,H100_SXM,civo,neocloud,USD,administered_differentiated,36,2.49,0.8328,24,2.29,12,1,
2026-10-03,seller,H200_SXM,civo,neocloud,USD,administered_differentiated,0,3.49,1.0,,,,,
2026-10-03,seller,H200_SXM,civo,neocloud,USD,administered_differentiated,6,3.29,0.9427,0,3.29,6,0,
2026-10-03,seller,H200_SXM,civo,neocloud,USD,administered_differentiated,12,3.19,0.914,6,3.09,6,0,
2026-10-03,seller,H200_SXM,civo,neocloud,USD,administered_differentiated,24,3.09,0.8854,12,2.99,12,1,
2026-10-03,seller,H200_SXM,civo,neocloud,USD,administered_differentiated,36,2.99,0.8567,24,2.79,12,1,
2026-10-03,seller,L40S,civo,neocloud,USD,administered_differentiated,0,1.29,1.0,,,,,
2026-10-03,seller,L40S,civo,neocloud,USD,administered_differentiated,6,1.19,0.9225,0,1.19,6,0,
2026-10-03,seller,L40S,civo,neocloud,USD,administered_differentiated,12,1.09,0.845,6,0.99,6,0,
2026-10-03,seller,L40S,civo,neocloud,USD,administered_differentiated,24,0.99,0.7674,12,0.89,12,1,
2026-10-03,seller,L40S,civo,neocloud,USD,administered_differentiated,36,0.89,0.6899,24,0.69,12,1,
2026-10-03,seller,B300_SXM,latitude,neocloud,USD,administered_uniform,0,16.0,1.0,,,,,
2026-10-03,seller,B300_SXM,latitude,neocloud,USD,administered_uniform,1,8.0,0.5,0,8.0,1,0,
2026-10-03,seller,B300_SXM,latitude,neocloud,USD,administered_uniform,12,5.6,0.35,1,5.3818,11,1,
2026-10-03,seller,H100_UNSPEC,latitude,neocloud,USD,administered_uniform,0,3.37,1.0,,,,,
2026-10-03,seller,H100_UNSPEC,latitude,neocloud,USD,administered_uniform,1,1.6849,0.5,0,1.6849,1,0,
2026-10-03,seller,H100_UNSPEC,latitude,neocloud,USD,administered_uniform,12,1.1795,0.35,1,1.1336,11,1,
2026-10-03,seller,RTX_PRO_6000,latitude,neocloud,USD,administered_uniform,0,6.25,1.0,,,,,
2026-10-03,seller,RTX_PRO_6000,latitude,neocloud,USD,administered_uniform,1,3.125,0.5,0,3.125,1,0,
2026-10-03,seller,RTX_PRO_6000,latitude,neocloud,USD,administered_uniform,12,2.1875,0.35,1,2.1023,11,1,
2026-10-03,seller,A100_UNSPEC,ovhcloud,neocloud,EUR,administered_differentiated,0,2.75,1.0,,,,,
2026-10-03,seller,A100_UNSPEC,ovhcloud,neocloud,EUR,administered_differentiated,1,1.5068,0.5479,0,1.5068,1,0,
2026-10-03,seller,H100_PCIE,ovhcloud,neocloud,EUR,administered_differentiated,0,2.8,1.0,,,,,
2026-10-03,seller,H100_PCIE,ovhcloud,neocloud,EUR,administered_differentiated,1,2.6575,0.9491,0,2.6575,1,0,
2026-10-03,seller,L4,ovhcloud,neocloud,EUR,administered_differentiated,0,0.75,1.0,,,,,
2026-10-03,seller,L4,ovhcloud,neocloud,EUR,administered_differentiated,1,0.7397,0.9863,0,0.7397,1,0,
2026-10-03,seller,L4,ovhcloud,neocloud,USD,administered_differentiated,0,1.0,1.0,,,,,
2026-10-03,seller,L4,ovhcloud,neocloud,USD,administered_differentiated,1,0.9863,0.9863,0,0.9863,1,0,
2026-10-03,seller,L40S,ovhcloud,neocloud,EUR,administered_differentiated,0,1.4,1.0,,,,,
2026-10-03,seller,L40S,ovhcloud,neocloud,EUR,administered_differentiated,1,1.3808,0.9863,0,1.3808,1,0,
2026-10-03,seller,L40S,ovhcloud,neocloud,USD,administered_differentiated,0,1.8,1.0,,,,,
2026-10-03,seller,L40S,ovhcloud,neocloud,USD,administered_differentiated,1,1.7753,0.9863,0,1.7753,1,0,
2026-10-03,seller,V100,ovhcloud,neocloud,EUR,administered_differentiated,0,0.7,1.0,,,,,
2026-10-03,seller,V100,ovhcloud,neocloud,EUR,administered_differentiated,1,0.6904,0.9863,0,0.6904,1,0,
2026-10-03,seller,V100S,ovhcloud,neocloud,EUR,administered_differentiated,0,0.8,1.0,,,,,
2026-10-03,seller,V100S,ovhcloud,neocloud,EUR,administered_differentiated,1,0.789,0.9862,0,0.789,1,0,
2026-10-03,seller,V100S,ovhcloud,neocloud,USD,administered_differentiated,0,0.88,1.0,,,,,
2026-10-03,seller,V100S,ovhcloud,neocloud,USD,administered_differentiated,1,0.8685,0.9869,0,0.8685,1,0,
2026-10-03,seller,H100_SXM,seeweb,neocloud,EUR,administered_untested,0,1.89,1.0,,,,,
2026-10-03,seller,H100_SXM,seeweb,neocloud,EUR,administered_untested,3,1.8,0.9524,0,1.8,3,0,
2026-10-03,seller,H100_SXM,seeweb,neocloud,EUR,administered_untested,6,1.7,0.8995,3,1.6,3,0,
2026-10-03,seller,H100_SXM,seeweb,neocloud,EUR,administered_untested,12,1.61,0.8519,6,1.52,6,0,
2026-10-04,seller,A100_PCIE,azure,hyperscaler,USD,administered_differentiated,0,4.775,1.0,,,,,
2026-10-04,seller,A100_PCIE,azure,hyperscaler,USD,administered_differentiated,12,3.1213,0.6537,0,3.1213,12,1,
2026-10-04,seller,A100_PCIE,azure,hyperscaler,USD,administered_differentiated,36,1.772,0.3711,12,1.0973,24,1,
2026-10-04,seller,A100_SXM,azure,hyperscaler,USD,administered_differentiated,0,5.1203,1.0,,,,,
2026-10-04,seller,A100_SXM,azure,hyperscaler,USD,administered_differentiated,12,3.277,0.64,0,3.277,12,1,
2026-10-04,seller,A100_SXM,azure,hyperscaler,USD,administered_differentiated,36,2.2529,0.44,12,1.7409,24,1,
2026-10-04,seller,H100_PCIE,azure,hyperscaler,USD,administered_differentiated,0,9.074,1.0,,,,,
2026-10-04,seller,H100_PCIE,azure,hyperscaler,USD,administered_differentiated,12,6.8055,0.75,0,6.8055,12,1,
2026-10-04,seller,H100_PCIE,azure,hyperscaler,USD,administered_differentiated,36,4.9907,0.55,12,4.0833,24,1,
2026-10-04,seller,H100_SXM,azure,hyperscaler,USD,administered_differentiated,0,14.3793,1.0,,,,,
2026-10-04,seller,H100_SXM,azure,hyperscaler,USD,administered_differentiated,12,9.2028,0.64,0,9.2028,12,1,
2026-10-04,seller,H100_SXM,azure,hyperscaler,USD,administered_differentiated,36,6.3125,0.439,12,4.8674,24,1,
2026-10-04,seller,H100_SXM,azure,hyperscaler,USD,administered_differentiated,60,5.7517,0.4,36,4.9105,24,1,
2026-10-04,seller,H200_SXM,azure,hyperscaler,USD,administered_differentiated,0,13.78,1.0,,,,,
2026-10-04,seller,H200_SXM,azure,hyperscaler,USD,administered_differentiated,12,7.5597,0.5486,0,7.5597,12,1,
2026-10-04,seller,H200_SXM,azure,hyperscaler,USD,administered_differentiated,36,6.8611,0.4979,12,6.5117,24,1,
2026-10-04,seller,A100_40GB,civo,neocloud,USD,administered_differentiated,0,1.09,1.0,,,,,
2026-10-04,seller,A100_40GB,civo,neocloud,USD,administered_differentiated,6,0.99,0.9083,0,0.99,6,0,
2026-10-04,seller,A100_40GB,civo,neocloud,USD,administered_differentiated,12,0.89,0.8165,6,0.79,6,0,
2026-10-04,seller,A100_40GB,civo,neocloud,USD,administered_differentiated,24,0.79,0.7248,12,0.69,12,1,
2026-10-04,seller,A100_40GB,civo,neocloud,USD,administered_differentiated,36,0.69,0.633,24,0.49,12,1,
2026-10-04,seller,A100_UNSPEC,civo,neocloud,USD,administered_differentiated,0,1.79,1.0,,,,,
2026-10-04,seller,A100_UNSPEC,civo,neocloud,USD,administered_differentiated,6,1.69,0.9441,0,1.69,6,0,
2026-10-04,seller,A100_UNSPEC,civo,neocloud,USD,administered_differentiated,12,1.59,0.8883,6,1.49,6,0,
2026-10-04,seller,A100_UNSPEC,civo,neocloud,USD,administered_differentiated,24,1.49,0.8324,12,1.39,12,1,
2026-10-04,seller,A100_UNSPEC,civo,neocloud,USD,administered_differentiated,36,1.39,0.7765,24,1.19,12,1,
2026-10-04,seller,B300_SXM,civo,neocloud,USD,administered_differentiated,0,7.49,1.0,,,,,
2026-10-04,seller,B300_SXM,civo,neocloud,USD,administered_differentiated,12,6.49,0.8665,0,6.49,12,1,
2026-10-04,seller,B300_SXM,civo,neocloud,USD,administered_differentiated,24,5.99,0.7997,12,5.49,12,1,
2026-10-04,seller,B300_SXM,civo,neocloud,USD,administered_differentiated,36,5.49,0.733,24,4.49,12,1,
2026-10-04,seller,H100_SXM,civo,neocloud,USD,administered_differentiated,0,2.99,1.0,,,,,
2026-10-04,seller,H100_SXM,civo,neocloud,USD,administered_differentiated,6,2.79,0.9331,0,2.79,6,0,
2026-10-04,seller,H100_SXM,civo,neocloud,USD,administered_differentiated,12,2.69,0.8997,6,2.59,6,0,
2026-10-04,seller,H100_SXM,civo,neocloud,USD,administered_differentiated,24,2.59,0.8662,12,2.49,12,1,
2026-10-04,seller,H100_SXM,civo,neocloud,USD,administered_differentiated,36,2.49,0.8328,24,2.29,12,1,
2026-10-04,seller,H200_SXM,civo,neocloud,USD,administered_differentiated,0,3.49,1.0,,,,,
2026-10-04,seller,H200_SXM,civo,neocloud,USD,administered_differentiated,6,3.29,0.9427,0,3.29,6,0,
2026-10-04,seller,H200_SXM,civo,neocloud,USD,administered_differentiated,12,3.19,0.914,6,3.09,6,0,
2026-10-04,seller,H200_SXM,civo,neocloud,USD,administered_differentiated,24,3.09,0.8854,12,2.99,12,1,
2026-10-04,seller,H200_SXM,civo,neocloud,USD,administered_differentiated,36,2.99,0.8567,24,2.79,12,1,
2026-10-04,seller,L40S,civo,neocloud,USD,administered_differentiated,0,1.29,1.0,,,,,
2026-10-04,seller,L40S,civo,neocloud,USD,administered_differentiated,6,1.19,0.9225,0,1.19,6,0,
2026-10-04,seller,L40S,civo,neocloud,USD,administered_differentiated,12,1.09,0.845,6,0.99,6,0,
2026-10-04,seller,L40S,civo,neocloud,USD,administered_differentiated,24,0.99,0.7674,12,0.89,12,1,
2026-10-04,seller,L40S,civo,neocloud,USD,administered_differentiated,36,0.89,0.6899,24,0.69,12,1,
2026-10-04,seller,B300_SXM,latitude,neocloud,USD,administered_uniform,0,16.0,1.0,,,,,
2026-10-04,seller,B300_SXM,latitude,neocloud,USD,administered_uniform,1,8.0,0.5,0,8.0,1,0,
2026-10-04,seller,B300_SXM,latitude,neocloud,USD,administered_uniform,12,5.6,0.35,1,5.3818,11,1,
2026-10-04,seller,H100_UNSPEC,latitude,neocloud,USD,administered_uniform,0,3.37,1.0,,,,,
2026-10-04,seller,H100_UNSPEC,latitude,neocloud,USD,administered_uniform,1,1.6849,0.5,0,1.6849,1,0,
2026-10-04,seller,H100_UNSPEC,latitude,neocloud,USD,administered_uniform,12,1.1795,0.35,1,1.1336,11,1,
2026-10-04,seller,RTX_PRO_6000,latitude,neocloud,USD,administered_uniform,0,6.25,1.0,,,,,
2026-10-04,seller,RTX_PRO_6000,latitude,neocloud,USD,administered_uniform,1,3.125,0.5,0,3.125,1,0,
2026-10-04,seller,RTX_PRO_6000,latitude,neocloud,USD,administered_uniform,12,2.1875,0.35,1,2.1023,11,1,
2026-10-04,seller,A100_UNSPEC,ovhcloud,neocloud,EUR,administered_differentiated,0,2.75,1.0,,,,,
2026-10-04,seller,A100_UNSPEC,ovhcloud,neocloud,EUR,administered_differentiated,1,1.5068,0.5479,0,1.5068,1,0,
2026-10-04,seller,H100_PCIE,ovhcloud,neocloud,EUR,administered_differentiated,0,2.8,1.0,,,,,
2026-10-04,seller,H100_PCIE,ovhcloud,neocloud,EUR,administered_differentiated,1,2.6575,0.9491,0,2.6575,1,0,
2026-10-04,seller,L4,ovhcloud,neocloud,EUR,administered_differentiated,0,0.75,1.0,,,,,
2026-10-04,seller,L4,ovhcloud,neocloud,EUR,administered_differentiated,1,0.7397,0.9863,0,0.7397,1,0,
2026-10-04,seller,L4,ovhcloud,neocloud,USD,administered_differentiated,0,1.0,1.0,,,,,
2026-10-04,seller,L4,ovhcloud,neocloud,USD,administered_differentiated,1,0.9863,0.9863,0,0.9863,1,0,
2026-10-04,seller,L40S,ovhcloud,neocloud,EUR,administered_differentiated,0,1.4,1.0,,,,,
2026-10-04,seller,L40S,ovhcloud,neocloud,EUR,administered_differentiated,1,1.3808,0.9863,0,1.3808,1,0,
2026-10-04,seller,L40S,ovhcloud,neocloud,USD,administered_differentiated,0,1.8,1.0,,,,,
2026-10-04,seller,L40S,ovhcloud,neocloud,USD,administered_differentiated,1,1.7753,0.9863,0,1.7753,1,0,
2026-10-04,seller,V100,ovhcloud,neocloud,EUR,administered_differentiated,0,0.7,1.0,,,,,
2026-10-04,seller,V100,ovhcloud,neocloud,EUR,administered_differentiated,1,0.6904,0.9863,0,0.6904,1,0,
2026-10-04,seller,V100S,ovhcloud,neocloud,EUR,administered_differentiated,0,0.8,1.0,,,,,
2026-10-04,seller,V100S,ovhcloud,neocloud,EUR,administered_differentiated,1,0.789,0.9862,0,0.789,1,0,
2026-10-04,seller,V100S,ovhcloud,neocloud,USD,administered_differentiated,0,0.88,1.0,,,,,
2026-10-04,seller,V100S,ovhcloud,neocloud,USD,administered_differentiated,1,0.8685,0.9869,0,0.8685,1,0,
2026-10-04,seller,H100_SXM,seeweb,neocloud,EUR,administered_untested,0,1.89,1.0,,,,,
2026-10-04,seller,H100_SXM,seeweb,neocloud,EUR,administered_untested,3,1.8,0.9524,0,1.8,3,0,
2026-10-04,seller,H100_SXM,seeweb,neocloud,EUR,administered_untested,6,1.7,0.8995,3,1.6,3,0,
2026-10-04,seller,H100_SXM,seeweb,neocloud,EUR,administered_untested,12,1.61,0.8519,6,1.52,6,0,
2026-10-05,seller,A100_PCIE,azure,hyperscaler,USD,administered_differentiated,0,4.775,1.0,,,,,
2026-10-05,seller,A100_PCIE,azure,hyperscaler,USD,administered_differentiated,12,3.1213,0.6537,0,3.1213,12,1,
2026-10-05,seller,A100_PCIE,azure,hyperscaler,USD,administered_differentiated,36,1.772,0.3711,12,1.0973,24,1,
2026-10-05,seller,A100_SXM,azure,hyperscaler,USD,administered_differentiated,0,5.1203,1.0,,,,,
2026-10-05,seller,A100_SXM,azure,hyperscaler,USD,administered_differentiated,12,3.277,0.64,0,3.277,12,1,
2026-10-05,seller,A100_SXM,azure,hyperscaler,USD,administered_differentiated,36,2.2529,0.44,12,1.7409,24,1,
2026-10-05,seller,H100_PCIE,azure,hyperscaler,USD,administered_differentiated,0,9.074,1.0,,,,,
2026-10-05,seller,H100_PCIE,azure,hyperscaler,USD,administered_differentiated,12,6.8055,0.75,0,6.8055,12,1,
2026-10-05,seller,H100_PCIE,azure,hyperscaler,USD,administered_differentiated,36,4.9907,0.55,12,4.0833,24,1,
2026-10-05,seller,H100_SXM,azure,hyperscaler,USD,administered_differentiated,0,14.3793,1.0,,,,,
2026-10-05,seller,H100_SXM,azure,hyperscaler,USD,administered_differentiated,12,9.2028,0.64,0,9.2028,12,1,
2026-10-05,seller,H100_SXM,azure,hyperscaler,USD,administered_differentiated,36,6.3125,0.439,12,4.8674,24,1,
2026-10-05,seller,H100_SXM,azure,hyperscaler,USD,administered_differentiated,60,5.7517,0.4,36,4.9105,24,1,
2026-10-05,seller,H200_SXM,azure,hyperscaler,USD,administered_differentiated,0,13.78,1.0,,,,,
2026-10-05,seller,H200_SXM,azure,hyperscaler,USD,administered_differentiated,12,7.5597,0.5486,0,7.5597,12,1,
2026-10-05,seller,H200_SXM,azure,hyperscaler,USD,administered_differentiated,36,6.8611,0.4979,12,6.5117,24,1,
2026-10-05,seller,A100_40GB,civo,neocloud,USD,administered_differentiated,0,1.09,1.0,,,,,
2026-10-05,seller,A100_40GB,civo,neocloud,USD,administered_differentiated,6,0.99,0.9083,0,0.99,6,0,
2026-10-05,seller,A100_40GB,civo,neocloud,USD,administered_differentiated,12,0.89,0.8165,6,0.79,6,0,
2026-10-05,seller,A100_40GB,civo,neocloud,USD,administered_differentiated,24,0.79,0.7248,12,0.69,12,1,
2026-10-05,seller,A100_40GB,civo,neocloud,USD,administered_differentiated,36,0.69,0.633,24,0.49,12,1,
2026-10-05,seller,A100_UNSPEC,civo,neocloud,USD,administered_differentiated,0,1.79,1.0,,,,,
2026-10-05,seller,A100_UNSPEC,civo,neocloud,USD,administered_differentiated,6,1.69,0.9441,0,1.69,6,0,
2026-10-05,seller,A100_UNSPEC,civo,neocloud,USD,administered_differentiated,12,1.59,0.8883,6,1.49,6,0,
2026-10-05,seller,A100_UNSPEC,civo,neocloud,USD,administered_differentiated,24,1.49,0.8324,12,1.39,12,1,
2026-10-05,seller,A100_UNSPEC,civo,neocloud,USD,administered_differentiated,36,1.39,0.7765,24,1.19,12,1,
2026-10-05,seller,B300_SXM,civo,neocloud,USD,administered_differentiated,0,7.49,1.0,,,,,
2026-10-05,seller,B300_SXM,civo,neocloud,USD,administered_differentiated,12,6.49,0.8665,0,6.49,12,1,
2026-10-05,seller,B300_SXM,civo,neocloud,USD,administered_differentiated,24,5.99,0.7997,12,5.49,12,1,
2026-10-05,seller,B300_SXM,civo,neocloud,USD,administered_differentiated,36,5.49,0.733,24,4.49,12,1,
2026-10-05,seller,H100_SXM,civo,neocloud,USD,administered_differentiated,0,2.99,1.0,,,,,
2026-10-05,seller,H100_SXM,civo,neocloud,USD,administered_differentiated,6,2.79,0.9331,0,2.79,6,0,
2026-10-05,seller,H100_SXM,civo,neocloud,USD,administered_differentiated,12,2.69,0.8997,6,2.59,6,0,
2026-10-05,seller,H100_SXM,civo,neocloud,USD,administered_differentiated,24,2.59,0.8662,12,2.49,12,1,
2026-10-05,seller,H100_SXM,civo,neocloud,USD,administered_differentiated,36,2.49,0.8328,24,2.29,12,1,
2026-10-05,seller,H200_SXM,civo,neocloud,USD,administered_differentiated,0,3.49,1.0,,,,,
2026-10-05,seller,H200_SXM,civo,neocloud,USD,administered_differentiated,6,3.29,0.9427,0,3.29,6,0,
2026-10-05,seller,H200_SXM,civo,neocloud,USD,administered_differentiated,12,3.19,0.914,6,3.09,6,0,
2026-10-05,seller,H200_SXM,civo,neocloud,USD,administered_differentiated,24,3.09,0.8854,12,2.99,12,1,
2026-10-05,seller,H200_SXM,civo,neocloud,USD,administered_differentiated,36,2.99,0.8567,24,2.79,12,1,
2026-10-05,seller,L40S,civo,neocloud,USD,administered_differentiated,0,1.29,1.0,,,,,
2026-10-05,seller,L40S,civo,neocloud,USD,administered_differentiated,6,1.19,0.9225,0,1.19,6,0,
2026-10-05,seller,L40S,civo,neocloud,USD,administered_differentiated,12,1.09,0.845,6,0.99,6,0,
2026-10-05,seller,L40S,civo,neocloud,USD,administered_differentiated,24,0.99,0.7674,12,0.89,12,1,
2026-10-05,seller,L40S,civo,neocloud,USD,administered_differentiated,36,0.89,0.6899,24,0.69,12,1,
2026-10-05,seller,B300_SXM,latitude,neocloud,USD,administered_uniform,0,16.0,1.0,,,,,
2026-10-05,seller,B300_SXM,latitude,neocloud,USD,administered_uniform,1,8.0,0.5,0,8.0,1,0,
2026-10-05,seller,B300_SXM,latitude,neocloud,USD,administered_uniform,12,5.6,0.35,1,5.3818,11,1,
2026-10-05,seller,H100_UNSPEC,latitude,neocloud,USD,administered_uniform,0,3.37,1.0,,,,,
2026-10-05,seller,H100_UNSPEC,latitude,neocloud,USD,administered_uniform,1,1.6849,0.5,0,1.6849,1,0,
2026-10-05,seller,H100_UNSPEC,latitude,neocloud,USD,administered_uniform,12,1.1795,0.35,1,1.1336,11,1,
2026-10-05,seller,RTX_PRO_6000,latitude,neocloud,USD,administered_uniform,0,6.25,1.0,,,,,
2026-10-05,seller,RTX_PRO_6000,latitude,neocloud,USD,administered_uniform,1,3.125,0.5,0,3.125,1,0,
2026-10-05,seller,RTX_PRO_6000,latitude,neocloud,USD,administered_uniform,12,2.1875,0.35,1,2.1023,11,1,
2026-10-05,seller,A100_UNSPEC,ovhcloud,neocloud,EUR,administered_differentiated,0,2.75,1.0,,,,,
2026-10-05,seller,A100_UNSPEC,ovhcloud,neocloud,EUR,administered_differentiated,1,1.5068,0.5479,0,1.5068,1,0,
2026-10-05,seller,H100_PCIE,ovhcloud,neocloud,EUR,administered_differentiated,0,2.8,1.0,,,,,
2026-10-05,seller,H100_PCIE,ovhcloud,neocloud,EUR,administered_differentiated,1,2.6575,0.9491,0,2.6575,1,0,
2026-10-05,seller,L4,ovhcloud,neocloud,EUR,administered_differentiated,0,0.75,1.0,,,,,
2026-10-05,seller,L4,ovhcloud,neocloud,EUR,administered_differentiated,1,0.7397,0.9863,0,0.7397,1,0,
2026-10-05,seller,L4,ovhcloud,neocloud,USD,administered_differentiated,0,1.0,1.0,,,,,
2026-10-05,seller,L4,ovhcloud,neocloud,USD,administered_differentiated,1,0.9863,0.9863,0,0.9863,1,0,
2026-10-05,seller,L40S,ovhcloud,neocloud,EUR,administered_differentiated,0,1.4,1.0,,,,,
2026-10-05,seller,L40S,ovhcloud,neocloud,EUR,administered_differentiated,1,1.3808,0.9863,0,1.3808,1,0,
2026-10-05,seller,L40S,ovhcloud,neocloud,USD,administered_differentiated,0,1.8,1.0,,,,,
2026-10-05,seller,L40S,ovhcloud,neocloud,USD,administered_differentiated,1,1.7753,0.9863,0,1.7753,1,0,
2026-10-05,seller,V100,ovhcloud,neocloud,EUR,administered_differentiated,0,0.7,1.0,,,,,
2026-10-05,seller,V100,ovhcloud,neocloud,EUR,administered_differentiated,1,0.6904,0.9863,0,0.6904,1,0,
2026-10-05,seller,V100S,ovhcloud,neocloud,EUR,administered_differentiated,0,0.8,1.0,,,,,
2026-10-05,seller,V100S,ovhcloud,neocloud,EUR,administered_differentiated,1,0.789,0.9862,0,0.789,1,0,
2026-10-05,seller,V100S,ovhcloud,neocloud,USD,administered_differentiated,0,0.88,1.0,,,,,
2026-10-05,seller,V100S,ovhcloud,neocloud,USD,administered_differentiated,1,0.8685,0.9869,0,0.8685,1,0,
2026-10-05,seller,H100_SXM,seeweb,neocloud,EUR,administered_untested,0,1.89,1.0,,,,,
2026-10-05,seller,H100_SXM,seeweb,neocloud,EUR,administered_untested,3,1.8,0.9524,0,1.8,3,0,
2026-10-05,seller,H100_SXM,seeweb,neocloud,EUR,administered_untested,6,1.7,0.8995,3,1.6,3,0,
2026-10-05,seller,H100_SXM,seeweb,neocloud,EUR,administered_untested,12,1.61,0.8519,6,1.52,6,0,
2026-10-05,seller,A100_SXM,verda,neocloud,USD,administered_uniform,0,1.815,1.0,,,,,
2026-10-05,seller,A100_SXM,verda,neocloud,USD,administered_uniform,1,1.7787,0.98,0,1.7787,1,0,
2026-10-05,seller,A100_SXM,verda,neocloud,USD,administered_uniform,3,1.7605,0.97,1,1.7515,2,0,
2026-10-05,seller,A100_SXM,verda,neocloud,USD,administered_uniform,6,1.7424,0.96,3,1.7243,3,0,
2026-10-05,seller,A100_SXM,verda,neocloud,USD,administered_uniform,12,1.6698,0.92,6,1.5972,6,0,
2026-10-05,seller,A100_SXM,verda,neocloud,USD,administered_uniform,24,1.3613,0.75,12,1.0527,12,1,
2026-10-05,seller,A100_SXM_40GB,verda,neocloud,USD,administered_uniform,0,1.3075,1.0,,,,,
2026-10-05,seller,A100_SXM_40GB,verda,neocloud,USD,administered_uniform,1,1.2813,0.98,0,1.2813,1,0,
2026-10-05,seller,A100_SXM_40GB,verda,neocloud,USD,administered_uniform,3,1.2683,0.97,1,1.2617,2,0,
2026-10-05,seller,A100_SXM_40GB,verda,neocloud,USD,administered_uniform,6,1.2552,0.96,3,1.2421,3,0,
2026-10-05,seller,A100_SXM_40GB,verda,neocloud,USD,administered_uniform,12,1.2029,0.92,6,1.1506,6,0,
2026-10-05,seller,A100_SXM_40GB,verda,neocloud,USD,administered_uniform,24,0.9806,0.75,12,0.7584,12,1,
2026-10-05,seller,B200_SXM,verda,neocloud,USD,administered_uniform,0,7.0925,1.0,,,,,
2026-10-05,seller,B200_SXM,verda,neocloud,USD,administered_uniform,1,6.9507,0.98,0,6.9507,1,0,
2026-10-05,seller,B200_SXM,verda,neocloud,USD,administered_uniform,3,6.8797,0.97,1,6.8443,2,0,
2026-10-05,seller,B200_SXM,verda,neocloud,USD,administered_uniform,6,6.8088,0.96,3,6.7379,3,0,
2026-10-05,seller,B200_SXM,verda,neocloud,USD,administered_uniform,12,6.5251,0.92,6,6.2414,6,0,
2026-10-05,seller,B200_SXM,verda,neocloud,USD,administered_uniform,24,5.3194,0.75,12,4.1136,12,1,
2026-10-05,seller,B300_SXM,verda,neocloud,USD,administered_uniform,0,8.8825,1.0,,,,,
2026-10-05,seller,B300_SXM,verda,neocloud,USD,administered_uniform,1,8.7049,0.98,0,8.7049,1,0,
2026-10-05,seller,B300_SXM,verda,neocloud,USD,administered_uniform,3,8.616,0.97,1,8.5716,2,0,
2026-10-05,seller,B300_SXM,verda,neocloud,USD,administered_uniform,6,8.5272,0.96,3,8.4384,3,0,
2026-10-05,seller,B300_SXM,verda,neocloud,USD,administered_uniform,12,8.1719,0.92,6,7.8166,6,0,
2026-10-05,seller,B300_SXM,verda,neocloud,USD,administered_uniform,24,6.6619,0.75,12,5.1518,12,1,
2026-10-05,seller,H100_SXM,verda,neocloud,USD,administered_uniform,0,3.7375,1.0,,,,,
2026-10-05,seller,H100_SXM,verda,neocloud,USD,administered_uniform,1,3.6627,0.98,0,3.6627,1,0,
2026-10-05,seller,H100_SXM,verda,neocloud,USD,administered_uniform,3,3.6254,0.97,1,3.6067,2,0,
2026-10-05,seller,H100_SXM,verda,neocloud,USD,administered_uniform,6,3.588,0.96,3,3.5506,3,0,
2026-10-05,seller,H100_SXM,verda,neocloud,USD,administered_uniform,12,3.4385,0.92,6,3.289,6,0,
2026-10-05,seller,H100_SXM,verda,neocloud,USD,administered_uniform,24,2.8031,0.75,12,2.1677,12,1,
2026-10-05,seller,H200_SXM,verda,neocloud,USD,administered_uniform,0,4.875,1.0,,,,,
2026-10-05,seller,H200_SXM,verda,neocloud,USD,administered_uniform,1,4.7775,0.98,0,4.7775,1,0,
2026-10-05,seller,H200_SXM,verda,neocloud,USD,administered_uniform,3,4.7287,0.97,1,4.7044,2,0,
2026-10-05,seller,H200_SXM,verda,neocloud,USD,administered_uniform,6,4.68,0.96,3,4.6312,3,0,
2026-10-05,seller,H200_SXM,verda,neocloud,USD,administered_uniform,12,4.485,0.92,6,4.29,6,0,
2026-10-05,seller,H200_SXM,verda,neocloud,USD,administered_uniform,24,3.6562,0.75,12,2.8275,12,1,
